"Details for Count of INV_NO - Column1: 2, Years (INV_DATE): <4/1/2024 (+)",,,,,,,,,,,,,,,,,,,,,,,,
,,,,,,,,,,,,,,,,,,,,,,,,
   ,INV_NO,INV_DATE,ORDER_NO,ORDER_DATE,GRN_NO,GRN_DATE,PARTY_NAME,BROKER_NAME,ITEM_NAME,TRUCKNO,TOKEN_TIME,LOAD_IN_TIME,LOAD_OUT_TIME,REC_QTY,BILLING_QUANTITY,BILLING_PKGS,MATERIAL_VALUE,TAX_AMT,EXCISE_AMT,CHARGES_AMT,REBATE_AMT,NET_AMT,Random,Column1
9932,PSTD24-01326,04-01-2025,,,GOTD24-04187,04-01-2025,"ANANTAA LAKSHUMI ENTERPRISES, MALEGAON",DIRECT,STEAM COAL,GJ15AX2496,,,,31.02,31.02,31.02,254068.38,12703.42,0,12153.94,0,278926,23,2
9931,PSTD24-01319,04-01-2025,,,GOTD24-04164,04-01-2025,"MEHTA PAINTS, DHULE",DIRECT,STORES AND SPARES,,,,,1,1,1,3050.85,549.15,0,0,0,3600,7,2
9968,PSTD24-01476,05-01-2025,,,GOTD24-04595,05-01-2025,GOVINDA GASES PVT. LTD. DHULE,DIRECT,REPAIRS TO MACHINERY,,,,,2,2,2,550,99,0,0,0,649,29,2
9967,PSTD24-01470,05-01-2025,,,GOTD24-04589,05-01-2025,"SHRIRAM AGENCIES DHULE PVT LTD, DHULE",DIRECT,REPAIRS TO MACHINERY,,,,,8,8,8,2520,453.6,0,0,0,2974,11,2
9966,PSTD24-01322,05-01-2025,,,GOTD24-04183,05-01-2025,NINAD ELECTRICALS DHULE,DIRECT,STORES AND SPARES,,,,,1,1,1,58959.44,10612.7,0,0,0,69572,12,2
9965,PSTD24-01311,05-01-2025,,,GOTD24-04156,05-01-2025,"JYOTI AUTOMOBILES, MALEGAON",DIRECT,STORES AND SPARES,,,,,1,1,1,78027.01,14044.86,0,0,0,92072,25,2
9964,PPMD24-01432,05-01-2025,OTD24-00793,31-12-2024,GOTD24-04121,05-01-2025,"VIDYA INDUSTRIES, DHULE",DIRECT,EMPTY TIN FOR 15 KG/15 LT,MH18M8949,15:39:46,20:30:00,20:50:00,2016,2016,2016,165312,29756.16,0,-165.31,0,194903,29,2
9963,PPMD24-01431,05-01-2025,OTD24-00808,05-01-2025,GOTD24-04120,05-01-2025,"WINLEY POLYMERS, JALGAON",DIRECT,PLASTIC CTC CAP,MH18M1419,14:41:26,04:05:00,05:15:00,9000,9000,9000,5850,1053,0,0,0,125892,20,2
9962,PPMD24-01431,05-01-2025,OTD24-00806,04-01-2025,GOTD24-04120,05-01-2025,"WINLEY POLYMERS, JALGAON",DIRECT,EMPTY BOTTLE FOR 500 ML,MH18M1419,14:41:26,04:05:00,05:15:00,33280,33280,33280,100838.4,18150.91,0,0,0,125892,16,2
9961,PPMD24-01430,05-01-2025,OTD24-00776,26-12-2024,GOTD24-04119,05-01-2025,"SAGAR ENTERPRISES, DHULE",DIRECT,EMPTY JAR FOR 5 LT (YELLOW),MH18D7497,11:46:32,03:10:00,03:40:00,3000,3000,3000,69000,12420,0,-69,0,81351,15,2
9960,PPMD24-01429,05-01-2025,OTD24-00777,26-12-2024,GOTD24-04118,05-01-2025,"SAGAR ENTERPRISES, DHULE",DIRECT,EMPTY JAR FOR 15 KG,MTS6357,11:08:42,02:15:00,02:40:00,1306,1320,1320,73920,13305.6,0,-73.92,0,87152,3,2
9959,PPMD24-01428,05-01-2025,OTD24-00793,31-12-2024,GOTD24-04117,05-01-2025,"VIDYA INDUSTRIES, DHULE",DIRECT,EMPTY TIN FOR 15 KG/15 LT,MH18M8949,16:00:22,11:15:00,12:00:00,1270,2016,2016,162550,29259,0,-162.55,0,191646,20,2
9958,PPMD24-01428,05-01-2025,OTD24-00465,12-09-2024,GOTD24-04117,05-01-2025,"VIDYA INDUSTRIES, DHULE",DIRECT,EMPTY TIN FOR 15 KG/15 LT,MH18M8949,16:00:22,11:15:00,12:00:00,2762,2016,2016,162550,29259,0,-162.55,0,191646,14,2
9957,PBTD24-00499,05-01-2025,OTD24-00775,26-12-2024,GOTD24-04126,05-01-2025,"MAHARASHTRA OIL EXT. PVT LTD ""DHL-NDB"" (BRANCH TRANSFER)",DIRECT,SOYA CRUDE OIL,MH18AA6489,17:14:43,19:25:00,20:40:00,31.125,31.17,1,3646890,0,0,0,0,3646890,7,2
9956,PBTD24-00498,05-01-2025,OTD24-00775,26-12-2024,GOTD24-04125,05-01-2025,"MAHARASHTRA OIL EXT. PVT LTD ""DHL-NDB"" (BRANCH TRANSFER)",DIRECT,SOYA CRUDE OIL,MH18BG6389,16:18:20,17:40:00,19:20:00,31.11,31.11,1,3639870,0,0,0,0,3639870,1,2
9955,PBTD24-00497,05-01-2025,OTD24-00775,26-12-2024,GOTD24-04124,05-01-2025,"MAHARASHTRA OIL EXT. PVT LTD ""DHL-NDB"" (BRANCH TRANSFER)",DIRECT,SOYA CRUDE OIL,MH18AA9489,15:42:53,16:40:00,17:30:00,25.685,25.7,1,3006900,0,0,0,0,3006900,4,2
9954,PBFD24-00217,05-01-2025,,,GBFD24-05403,05-01-2025,CASH PURCHASE (FIREWOOD) A/C,DIRECT,BOILER FUEL,NEW TRACTOR,,,,2.07,36.565,36.565,146260,0,0,0,0,146260,12,2
9953,PBFD24-00217,05-01-2025,,,GBFD24-05404,05-01-2025,CASH PURCHASE (FIREWOOD) A/C,DIRECT,BOILER FUEL,MH48 T 6715,,,,1.78,36.565,36.565,146260,0,0,0,0,146260,30,2
9952,PBFD24-00217,05-01-2025,,,GBFD24-05408,05-01-2025,CASH PURCHASE (FIREWOOD) A/C,DIRECT,BOILER FUEL,MH42 M 9413,,,,1.89,36.565,36.565,146260,0,0,0,0,146260,30,2
9951,PBFD24-00217,05-01-2025,,,GBFD24-05409,05-01-2025,CASH PURCHASE (FIREWOOD) A/C,DIRECT,BOILER FUEL,MH41 G 1912,,,,2.295,36.565,36.565,146260,0,0,0,0,146260,27,2
9950,PBFD24-00217,05-01-2025,,,GBFD24-05423,05-01-2025,CASH PURCHASE (FIREWOOD) A/C,DIRECT,BOILER FUEL,MH27 3548,,,,2,36.565,36.565,146260,0,0,0,0,146260,10,2
9949,PBFD24-00217,05-01-2025,,,GBFD24-05422,05-01-2025,CASH PURCHASE (FIREWOOD) A/C,DIRECT,BOILER FUEL,MH27 3548,,,,1.98,36.565,36.565,146260,0,0,0,0,146260,2,2
9948,PBFD24-00217,05-01-2025,,,GBFD24-05419,05-01-2025,CASH PURCHASE (FIREWOOD) A/C,DIRECT,BOILER FUEL,MH20 EG 2685,,,,1,36.565,36.565,146260,0,0,0,0,146260,12,2
9947,PBFD24-00217,05-01-2025,,,GBFD24-05418,05-01-2025,CASH PURCHASE (FIREWOOD) A/C,DIRECT,BOILER FUEL,MH20 EG 2685,,,,1.565,36.565,36.565,146260,0,0,0,0,146260,28,2
9946,PBFD24-00217,05-01-2025,,,GBFD24-05406,05-01-2025,CASH PURCHASE (FIREWOOD) A/C,DIRECT,BOILER FUEL,MH19 S 7229,,,,1.65,36.565,36.565,146260,0,0,0,0,146260,28,2
9945,PBFD24-00217,05-01-2025,,,GBFD24-05405,05-01-2025,CASH PURCHASE (FIREWOOD) A/C,DIRECT,BOILER FUEL,MH18 M 2432,,,,1.17,36.565,36.565,146260,0,0,0,0,146260,6,2
9944,PBFD24-00217,05-01-2025,,,GBFD24-05407,05-01-2025,CASH PURCHASE (FIREWOOD) A/C,DIRECT,BOILER FUEL,MH18 AA 5134,,,,1.355,36.565,36.565,146260,0,0,0,0,146260,6,2
9943,PBFD24-00217,05-01-2025,,,GBFD24-05412,05-01-2025,CASH PURCHASE (FIREWOOD) A/C,DIRECT,BOILER FUEL,MH18 AA 4525,,,,1.26,36.565,36.565,146260,0,0,0,0,146260,2,2
9942,PBFD24-00217,05-01-2025,,,GBFD24-05415,05-01-2025,CASH PURCHASE (FIREWOOD) A/C,DIRECT,BOILER FUEL,MH18 AA 3217,,,,1.02,36.565,36.565,146260,0,0,0,0,146260,4,2
9941,PBFD24-00217,05-01-2025,,,GBFD24-05410,05-01-2025,CASH PURCHASE (FIREWOOD) A/C,DIRECT,BOILER FUEL,MH15 DK 4022,,,,1.865,36.565,36.565,146260,0,0,0,0,146260,26,2
9940,PBFD24-00217,05-01-2025,,,GBFD24-05417,05-01-2025,CASH PURCHASE (FIREWOOD) A/C,DIRECT,BOILER FUEL,MH05 5755,,,,1,36.565,36.565,146260,0,0,0,0,146260,9,2
9939,PBFD24-00217,05-01-2025,,,GBFD24-05416,05-01-2025,CASH PURCHASE (FIREWOOD) A/C,DIRECT,BOILER FUEL,MH05 5755,,,,1.815,36.565,36.565,146260,0,0,0,0,146260,29,2
9938,PBFD24-00217,05-01-2025,,,GBFD24-05411,05-01-2025,CASH PURCHASE (FIREWOOD) A/C,DIRECT,BOILER FUEL,MH04 GF 3531,,,,0.935,36.565,36.565,146260,0,0,0,0,146260,1,2
9937,PBFD24-00217,05-01-2025,,,GBFD24-05414,05-01-2025,CASH PURCHASE (FIREWOOD) A/C,DIRECT,BOILER FUEL,MH04 EY 0793,,,,2,36.565,36.565,146260,0,0,0,0,146260,21,2
9936,PBFD24-00217,05-01-2025,,,GBFD24-05413,05-01-2025,CASH PURCHASE (FIREWOOD) A/C,DIRECT,BOILER FUEL,MH04 EY 0793,,,,1.96,36.565,36.565,146260,0,0,0,0,146260,2,2
9935,PBFD24-00217,05-01-2025,,,GBFD24-05421,05-01-2025,CASH PURCHASE (FIREWOOD) A/C,DIRECT,BOILER FUEL,MH04 CU 0130,,,,2,36.565,36.565,146260,0,0,0,0,146260,9,2
9934,PBFD24-00217,05-01-2025,,,GBFD24-05420,05-01-2025,CASH PURCHASE (FIREWOOD) A/C,DIRECT,BOILER FUEL,MH04 CU 0130,,,,2.16,36.565,36.565,146260,0,0,0,0,146260,3,2
9933,PBFD24-00217,05-01-2025,,,GBFD24-05402,05-01-2025,CASH PURCHASE (FIREWOOD) A/C,DIRECT,BOILER FUEL,MH03 AH 3809,,,,1.795,36.565,36.565,146260,0,0,0,0,146260,24,2
10021,PSTD24-01477,06-01-2025,,,GOTD24-04596,06-01-2025,GOVINDA GASES PVT. LTD. DHULE,DIRECT,REPAIRS TO MACHINERY,,,,,1,1,1,275,49.5,0,0,0,325,5,2
10020,PSTD24-01341,06-01-2025,OTD24-00754,21-12-2024,GOTD24-04225,06-01-2025,"MAXFLOW PUMPS AND CONTROLS INC., AURANGABAD",DIRECT,SPRING RUBBER EPDM,,,,,4,4,4,369.6,66.53,0,0,0,39164,12,2
10019,PSTD24-01341,06-01-2025,OTD24-00754,21-12-2024,GOTD24-04225,06-01-2025,"MAXFLOW PUMPS AND CONTROLS INC., AURANGABAD",DIRECT,O-RING EPDM 170.7X3.3 WRC NSF,,,,,2,2,2,536.25,96.53,0,0,0,39164,3,2
10018,PSTD24-01341,06-01-2025,OTD24-00754,21-12-2024,GOTD24-04225,06-01-2025,"MAXFLOW PUMPS AND CONTROLS INC., AURANGABAD",DIRECT,"LOCK WASHER SET, NORDLOCK 8",,,,,1,1,1,880.28,158.45,0,0,0,39164,20,2
10017,PSTD24-01341,06-01-2025,OTD24-00754,21-12-2024,GOTD24-04225,06-01-2025,"MAXFLOW PUMPS AND CONTROLS INC., AURANGABAD",DIRECT,LOCK NUT M8 (NYLOC) (98275969),,,,,1,1,1,645.15,116.13,0,0,0,39164,15,2
10016,PSTD24-01341,06-01-2025,OTD24-00754,21-12-2024,GOTD24-04225,06-01-2025,"MAXFLOW PUMPS AND CONTROLS INC., AURANGABAD",DIRECT,"BULK, CHAMBER W BEARING CRN 15&20",,,,,1,1,1,22095.98,3977.28,0,0,0,39164,13,2
10015,PSTD24-01341,06-01-2025,OTD24-00754,21-12-2024,GOTD24-04225,06-01-2025,"MAXFLOW PUMPS AND CONTROLS INC., AURANGABAD",DIRECT,BEARING CR(N)8+16 CRM,,,,,3,3,3,8662.5,1559.25,0,0,0,39164,1,2
10014,PSTD24-01321,06-01-2025,,,GOTD24-04182,06-01-2025,"POONA MACHINERY CORPORATION, DHULE",DIRECT,STORES AND SPARES,,,,,1,1,1,17656.78,3178.22,0,0,0,20835,19,2
10013,PSTD24-01318,06-01-2025,,,GOTD24-04163,06-01-2025,"ANGEL CHEMICALS, MUMBAI",DIRECT,CITRIC ACID,MH19CY9219,,,,2000,2000,2000,142000,25560,0,0,0,167560,7,2
10012,PSTD24-01314,06-01-2025,,,GOTD24-04159,06-01-2025,"V.M. PATEL & CO, DHULE",DIRECT,STORES AND SPARES,,,,,1,1,1,2855.6,514.01,0,0,0,3370,11,2
10011,PRMD24-00743,06-01-2025,OTD24-00837,06-01-2025,GOTD24-04191,06-01-2025,"BASANT NUTRIFOODS PVT. LTD., DHULE (DEBTORS)",DIRECT,DEFATTED UNTOASTED SOYA FLOUR,MH46AR2312,18:00:13,,,26.5,26.5,530,1143475,57173.75,0,-1143.47,0,1199505,11,2
10010,PRMD24-00741,06-01-2025,OTD24-00837,06-01-2025,GOTD24-04188,06-01-2025,"BASANT NUTRIFOODS PVT. LTD., DHULE (DEBTORS)",DIRECT,DEFATTED UNTOASTED SOYA FLOUR,NL01AE2842,17:53:23,,,26.5,26.5,530,1143475,57173.75,0,-1143.47,0,1199505,12,2
10009,PRMD24-00734,06-01-2025,OTD24-00702,29-11-2024,GOTD24-04133,06-01-2025,"ADANI WILMAR LTD, HAZIRA","MAHAVIR BROKERS, NASHIKROAD",SOYA REFINED OIL,MH04FU6389,12:20:20,19:30:00,20:25:00,24.86,24.93,1,3203505,160175.25,0,-3203.5,0,3360477,17,2
10008,PRMD24-00733,06-01-2025,OTD24-00799,03-01-2025,GOTD24-04132,06-01-2025,"BALAJI INDUSTRIES, LASUR STATION","YASH BROKERS, AKOLA",SOYA REFINED OIL,MH18AA9289,12:02:51,16:50:00,18:40:00,24.885,24.93,1,3041460,152073,0,-3041.46,0,3190492,26,2
10007,PRMD24-00732,06-01-2025,OTD24-00767,25-12-2024,GOTD24-04129,06-01-2025,"ADANI WILMAR LTD, HAZIRA","MAHAVIR BROKERS, NASHIKROAD",SOYA REFINED OIL,MH18AA9589,12:15:40,16:00:00,16:45:00,11.15,30.63,2,3902175,195108.75,0,-3902.17,0,4093382,1,2
10006,PRMD24-00732,06-01-2025,OTD24-00702,29-11-2024,GOTD24-04129,06-01-2025,"ADANI WILMAR LTD, HAZIRA","MAHAVIR BROKERS, NASHIKROAD",SOYA REFINED OIL,MH18AA9589,12:15:40,16:00:00,16:45:00,50,30.63,2,3902175,195108.75,0,-3902.17,0,4093382,5,2
10005,PRMD24-00731,06-01-2025,OTD24-00702,29-11-2024,GOTD24-04128,06-01-2025,"ADANI WILMAR LTD, HAZIRA","MAHAVIR BROKERS, NASHIKROAD",SOYA REFINED OIL,MH18BA3789,12:17:21,15:15:00,16:40:00,24.905,24.95,1,3206075,160303.75,0,-3206.07,0,3363173,16,2
10004,PPMD24-01439,06-01-2025,OTD24-00790,30-12-2024,GOTD24-04142,06-01-2025,"SUDHA CORRUGATED PRODUCTS, DHULE",DIRECT,TIN TOP COLLAR,MH18D7497,17:53:48,07:15:00,08:05:00,42475,42475,42475,138043.75,16565.25,0,-138.04,0,256300,14,2
10003,PPMD24-01439,06-01-2025,OTD24-00789,30-12-2024,GOTD24-04142,06-01-2025,"SUDHA CORRUGATED PRODUCTS, DHULE",DIRECT,BOX FOR 15 KG JAR SOYA REFINED,MH18D7497,17:53:48,07:15:00,08:05:00,3500,3500,175,91000,10920,0,-91,0,256300,28,2
10002,PPMD24-01438,06-01-2025,OTD24-00730,14-12-2024,GOTD24-04140,05-01-2025,"SHRINATHJI CONTAINERS, DHARANGAON",DIRECT,EMPTY TIN FOR 15 KG/15 LT,MH20AA9907,17:03:05,04:15:00,05:00:00,3018,3018,3018,244458,44002.44,0,-244.45,0,288216,7,2
10001,PPMD24-01437,06-01-2025,OTD24-00777,26-12-2024,GOTD24-04139,06-01-2025,"SAGAR ENTERPRISES, DHULE",DIRECT,EMPTY JAR FOR 15 KG,MTS6357,12:59:10,23:40:00,03:05:00,1500,1500,1500,84000,15120,0,-84,0,99036,29,2
10000,PPMD24-01436,06-01-2025,OTD24-00776,26-12-2024,GOTD24-04138,06-01-2025,"SAGAR ENTERPRISES, DHULE",DIRECT,EMPTY JAR FOR 5 LT (YELLOW),MH18D7497,10:22:31,11:40:00,12:05:00,2050,2050,2050,47150,8487,0,-47.15,0,55590,19,2
9999,PPMD24-01435,06-01-2025,OTD24-00790,30-12-2024,GOTD24-04137,06-01-2025,"SUDHA CORRUGATED PRODUCTS, DHULE",DIRECT,TIN TOP COLLAR,MTS6357,18:06:15,10:15:00,11:25:00,13200,13200,13200,42900,5148,0,-42.9,0,285681,30,2
9998,PPMD24-01435,06-01-2025,OTD24-00788,30-12-2024,GOTD24-04137,06-01-2025,"SUDHA CORRUGATED PRODUCTS, DHULE",DIRECT,BOX FOR 1 LT POUCH SOYA REFINED,MTS6357,18:06:15,10:15:00,11:25:00,21000,11800,11800,212400,25488,0,-212.4,0,285681,2,2
9997,PPMD24-01435,06-01-2025,OTD24-00727,10-12-2024,GOTD24-04137,06-01-2025,"SUDHA CORRUGATED PRODUCTS, DHULE",DIRECT,BOX FOR 1 LT POUCH SOYA REFINED,MTS6357,18:06:15,10:15:00,11:25:00,2600,11800,11800,212400,25488,0,-212.4,0,285681,27,2
9996,PPMD24-01434,06-01-2025,OTD24-00726,10-12-2024,GOTD24-04136,06-01-2025,"OM PLASTICS CONTAINERS, DHULE",DIRECT,EMPTY JAR FOR 5 LT (YELLOW),MH19S3224,16:20:57,10:30:00,10:05:00,2600,2600,2600,61100,10998,0,-61.1,0,72037,24,2
9995,PPMD24-01433,06-01-2025,OTD24-00779,26-12-2024,GOTD24-04123,06-01-2025,"KRIS FLEXIPACKS PRIVATE LIMITED, DAMAN",DIRECT,SHRINK SLEEVES,GJ15AT1474,11:31:10,,,2834.2,2834.2,101,410959,73972.62,0,0,0,484932,23,2
9994,PBTD24-00502,06-01-2025,OTD24-00809,06-01-2025,GOTD24-04143,06-01-2025,"MAHARASHTRA OIL EXT. PVT LTD ""DHL-NDB"" (BRANCH TRANSFER)",DIRECT,SOYA CRUDE OIL,MH18AA6489,16:28:22,18:30:00,19:40:00,30.835,30.86,1,3610620,0,0,0,0,3610620,18,2
9993,PBTD24-00501,06-01-2025,OTD24-00809,06-01-2025,GOTD24-04131,06-01-2025,"MAHARASHTRA OIL EXT. PVT LTD ""DHL-NDB"" (BRANCH TRANSFER)",DIRECT,SOYA CRUDE OIL,MH18BG6389,16:26:31,17:15:00,18:20:00,31.155,31.18,1,3648060,0,0,0,0,3648060,13,2
9992,PBTD24-00500,06-01-2025,OTD24-00809,06-01-2025,GOTD24-04130,06-01-2025,"MAHARASHTRA OIL EXT. PVT LTD ""DHL-NDB"" (BRANCH TRANSFER)",DIRECT,SOYA CRUDE OIL,MH18AA9489,16:25:02,17:05:00,17:45:00,25.61,25.65,1,3001050,0,0,0,0,3001050,15,2
9991,PBFD24-00218,06-01-2025,,,GBFD24-05437,06-01-2025,CASH PURCHASE (FIREWOOD) A/C,DIRECT,BOILER FUEL,NEW TRACTOR,,,,7.05,39.73,39.73,159903.5,0,0,0,0,159903,8,2
9990,PBFD24-00218,06-01-2025,,,GBFD24-05424,06-01-2025,CASH PURCHASE (FIREWOOD) A/C,DIRECT,BOILER FUEL,MH20 DT 0124,,,,2.625,39.73,39.73,159903.5,0,0,0,0,159903,20,2
9989,PBFD24-00218,06-01-2025,,,GBFD24-05439,06-01-2025,CASH PURCHASE (FIREWOOD) A/C,DIRECT,BOILER FUEL,MH19 S 7229,,,,4.995,39.73,39.73,159903.5,0,0,0,0,159903,26,2
9988,PBFD24-00218,06-01-2025,,,GBFD24-05433,06-01-2025,CASH PURCHASE (FIREWOOD) A/C,DIRECT,BOILER FUEL,MH19 CY 2212,,,,6,39.73,39.73,159903.5,0,0,0,0,159903,14,2
9987,PBFD24-00218,06-01-2025,,,GBFD24-05432,06-01-2025,CASH PURCHASE (FIREWOOD) A/C,DIRECT,BOILER FUEL,MH19 CY 2212,,,,6,39.73,39.73,159903.5,0,0,0,0,159903,2,2
9986,PBFD24-00218,06-01-2025,,,GBFD24-05431,06-01-2025,CASH PURCHASE (FIREWOOD) A/C,DIRECT,BOILER FUEL,MH19 CY 2212,,,,5.535,39.73,39.73,159903.5,0,0,0,0,159903,24,2
9985,PBFD24-00218,06-01-2025,,,GBFD24-05444,06-01-2025,CASH PURCHASE (FIREWOOD) A/C,DIRECT,BOILER FUEL,MH18 M 3745,,,,6,39.73,39.73,159903.5,0,0,0,0,159903,7,2
9984,PBFD24-00218,06-01-2025,,,GBFD24-05443,06-01-2025,CASH PURCHASE (FIREWOOD) A/C,DIRECT,BOILER FUEL,MH18 M 3745,,,,4.035,39.73,39.73,159903.5,0,0,0,0,159903,24,2
9983,PBFD24-00218,06-01-2025,,,GBFD24-05446,06-01-2025,CASH PURCHASE (FIREWOOD) A/C,DIRECT,BOILER FUEL,MH18 M 1039,,,,6,39.73,39.73,159903.5,0,0,0,0,159903,14,2
9982,PBFD24-00218,06-01-2025,,,GBFD24-05445,06-01-2025,CASH PURCHASE (FIREWOOD) A/C,DIRECT,BOILER FUEL,MH18 M 1039,,,,3.225,39.73,39.73,159903.5,0,0,0,0,159903,25,2
9981,PBFD24-00218,06-01-2025,,,GBFD24-05436,06-01-2025,CASH PURCHASE (FIREWOOD) A/C,DIRECT,BOILER FUEL,MH18 BG 3030,,,,6,39.73,39.73,159903.5,0,0,0,0,159903,21,2
9980,PBFD24-00218,06-01-2025,,,GBFD24-05435,06-01-2025,CASH PURCHASE (FIREWOOD) A/C,DIRECT,BOILER FUEL,MH18 BG 3030,,,,6,39.73,39.73,159903.5,0,0,0,0,159903,19,2
9979,PBFD24-00218,06-01-2025,,,GBFD24-05434,06-01-2025,CASH PURCHASE (FIREWOOD) A/C,DIRECT,BOILER FUEL,MH18 BG 3030,,,,4.965,39.73,39.73,159903.5,0,0,0,0,159903,22,2
9978,PBFD24-00218,06-01-2025,,,GBFD24-05438,06-01-2025,CASH PURCHASE (FIREWOOD) A/C,DIRECT,BOILER FUEL,MH18 AN 2103,,,,6.84,39.73,39.73,159903.5,0,0,0,0,159903,5,2
9977,PBFD24-00218,06-01-2025,,,GBFD24-05429,06-01-2025,CASH PURCHASE (FIREWOOD) A/C,DIRECT,BOILER FUEL,MH15 GV 9147,,,,7.395,39.73,39.73,159903.5,0,0,0,0,159903,27,2
9976,PBFD24-00218,06-01-2025,,,GBFD24-05441,06-01-2025,CASH PURCHASE (FIREWOOD) A/C,DIRECT,BOILER FUEL,MH05 5755,,,,3,39.73,39.73,159903.5,0,0,0,0,159903,16,2
9975,PBFD24-00218,06-01-2025,,,GBFD24-05440,06-01-2025,CASH PURCHASE (FIREWOOD) A/C,DIRECT,BOILER FUEL,MH05 5755,,,,4.845,39.73,39.73,159903.5,0,0,0,0,159903,12,2
9974,PBFD24-00218,06-01-2025,,,GBFD24-05427,06-01-2025,CASH PURCHASE (FIREWOOD) A/C,DIRECT,BOILER FUEL,MH04 GF 3950,,,,4.455,39.73,39.73,159903.5,0,0,0,0,159903,25,2
9973,PBFD24-00218,06-01-2025,,,GBFD24-05442,06-01-2025,CASH PURCHASE (FIREWOOD) A/C,DIRECT,BOILER FUEL,MH04 GF 3531,,,,2.985,39.73,39.73,159903.5,0,0,0,0,159903,14,2
9972,PBFD24-00218,06-01-2025,,,GBFD24-05428,06-01-2025,CASH PURCHASE (FIREWOOD) A/C,DIRECT,BOILER FUEL,MH04 GF 2005,,,,6.51,39.73,39.73,159903.5,0,0,0,0,159903,6,2
9971,PBFD24-00218,06-01-2025,,,GBFD24-05426,06-01-2025,CASH PURCHASE (FIREWOOD) A/C,DIRECT,BOILER FUEL,MH04 CU 0130,,,,6,39.73,39.73,159903.5,0,0,0,0,159903,4,2
9970,PBFD24-00218,06-01-2025,,,GBFD24-05425,06-01-2025,CASH PURCHASE (FIREWOOD) A/C,DIRECT,BOILER FUEL,MH04 CU 0130,,,,3.57,39.73,39.73,159903.5,0,0,0,0,159903,28,2
9969,PBFD24-00218,06-01-2025,,,GBFD24-05430,06-01-2025,CASH PURCHASE (FIREWOOD) A/C,DIRECT,BOILER FUEL,MH01 LA 0579,,,,5.16,39.73,39.73,159903.5,0,0,0,0,159903,16,2
10053,PSTD24-01478,07-01-2025,,,GOTD24-04597,07-01-2025,GOVINDA GASES PVT. LTD. DHULE,DIRECT,REPAIRS TO MACHINERY,,,,,1,1,1,275,49.5,0,0,0,325,4,2
10052,PSTD24-01332,07-01-2025,,,GOTD24-04215,07-01-2025,"BIPIN METAL PRODUCTS, DHULE",DIRECT,STORES AND SPARES,MH04FJ1802,,,,1,1,1,45846.3,8252.33,0,-45.84,0,54053,20,2
10051,PSTD24-01310,07-01-2025,,,GOTD24-04155,07-01-2025,"RAJSIDDHI INDUSTRIES, DHULE",DIRECT,STORES AND SPARES,MH18N7055,,,,103.26,103.26,103.26,9404.03,1128.48,0,0,0,10533,5,2
10050,PSTD24-01309,07-01-2025,,,GOTD24-04154,07-01-2025,ATMASUMAN BUILDCON PVT LTD. DHULE,DIRECT,STORES AND SPARES,,,,,1,1,1,16525.41,2974.57,0,0,0,19500,3,2
10049,PRMD24-00735,07-01-2025,OTD24-00702,29-11-2024,GOTD24-04144,07-01-2025,"ADANI WILMAR LTD, HAZIRA","MAHAVIR BROKERS, NASHIKROAD",SOYA REFINED OIL,MH04GF1089,15:00:47,17:00:00,17:40:00,24.84,24.89,1,3198365,159918.25,0,-3198.36,0,3355085,9,2
10048,PPMD24-01442,07-01-2025,OTD24-00789,30-12-2024,GOTD24-04147,07-01-2025,"SUDHA CORRUGATED PRODUCTS, DHULE",DIRECT,BOX FOR 500 ML POUCH SOYA REFINED,MH18D7497,16:15:50,18:30:00,20:35:00,1726,1726,87,41424,4970.88,0,-41.42,0,235464,3,2
10047,PPMD24-01442,07-01-2025,OTD24-00789,30-12-2024,GOTD24-04147,07-01-2025,"SUDHA CORRUGATED PRODUCTS, DHULE",DIRECT,BOX FOR 15 KG JAR SOYA REFINED,MH18D7497,16:15:50,18:30:00,20:35:00,6500,6500,325,169000,20280,0,-169,0,235464,24,2
10046,PPMD24-01441,07-01-2025,OTD24-00730,14-12-2024,GOTD24-04146,07-01-2025,"SHRINATHJI CONTAINERS, DHARANGAON",DIRECT,EMPTY TIN FOR 15 KG/15 LT,MH20AA9907,10:58:55,07:00:00,07:40:00,2991,3018,3018,244458,44002.44,0,-244.45,0,288216,21,2
10045,PPMD24-01440,07-01-2025,OTD24-00793,31-12-2024,GOTD24-04145,07-01-2025,"VIDYA INDUSTRIES, DHULE",DIRECT,EMPTY TIN FOR 15 KG/15 LT,MH18M8949,13:00:24,11:30:00,12:20:00,2010,2016,2016,165312,29756.16,0,-165.31,0,194903,1,2
10044,PBFD24-00219,07-01-2025,,,GBFD24-05453,07-01-2025,CASH PURCHASE (FIREWOOD) A/C,DIRECT,BOILER FUEL,NEW TRACTOR,,,,3.23,40.52,40.52,162591.5,0,0,0,0,162592,15,2
10043,PBFD24-00219,07-01-2025,,,GBFD24-05452,07-01-2025,CASH PURCHASE (FIREWOOD) A/C,DIRECT,BOILER FUEL,NEW TRACTOR,,,,4.88,40.52,40.52,162591.5,0,0,0,0,162592,30,2
10042,PBFD24-00219,07-01-2025,,,GBFD24-05451,07-01-2025,CASH PURCHASE (FIREWOOD) A/C,DIRECT,BOILER FUEL,NEW TRACTOR,,,,2,40.52,40.52,162591.5,0,0,0,0,162592,27,2
10041,PBFD24-00219,07-01-2025,,,GBFD24-05450,07-01-2025,CASH PURCHASE (FIREWOOD) A/C,DIRECT,BOILER FUEL,NEW TRACTOR,,,,3.84,40.52,40.52,162591.5,0,0,0,0,162592,3,2
10040,PBFD24-00219,07-01-2025,,,GBFD24-05448,07-01-2025,CASH PURCHASE (FIREWOOD) A/C,DIRECT,BOILER FUEL,MH41 G 8654,,,,2,40.52,40.52,162591.5,0,0,0,0,162592,2,2
10039,PBFD24-00219,07-01-2025,,,GBFD24-05447,07-01-2025,CASH PURCHASE (FIREWOOD) A/C,DIRECT,BOILER FUEL,MH41 G 8654,,,,3.25,40.52,40.52,162591.5,0,0,0,0,162592,15,2
10038,PBFD24-00219,07-01-2025,,,GBFD24-05449,07-01-2025,CASH PURCHASE (FIREWOOD) A/C,DIRECT,BOILER FUEL,MH41 G 1912,,,,4.81,40.52,40.52,162591.5,0,0,0,0,162592,30,2
10037,PBFD24-00219,07-01-2025,,,GBFD24-05464,07-01-2025,CASH PURCHASE (FIREWOOD) A/C,DIRECT,BOILER FUEL,MH41 1624,,,,4,40.52,40.52,162591.5,0,0,0,0,162592,29,2
10036,PBFD24-00219,07-01-2025,,,GBFD24-05463,07-01-2025,CASH PURCHASE (FIREWOOD) A/C,DIRECT,BOILER FUEL,MH41 1624,,,,2.12,40.52,40.52,162591.5,0,0,0,0,162592,27,2
10035,PBFD24-00219,07-01-2025,,,GBFD24-05460,07-01-2025,CASH PURCHASE (FIREWOOD) A/C,DIRECT,BOILER FUEL,MH20 EG 2685,,,,4.89,40.52,40.52,162591.5,0,0,0,0,162592,12,2
10034,PBFD24-00219,07-01-2025,,,GBFD24-05456,07-01-2025,CASH PURCHASE (FIREWOOD) A/C,DIRECT,BOILER FUEL,MH18 N 470,,,,3.13,40.52,40.52,162591.5,0,0,0,0,162592,22,2
10033,PBFD24-00219,07-01-2025,,,GBFD24-05469,07-01-2025,CASH PURCHASE (FIREWOOD) A/C,DIRECT,BOILER FUEL,MH18 M 9442,,,,4,40.52,40.52,162591.5,0,0,0,0,162592,9,2
10032,PBFD24-00219,07-01-2025,,,GBFD24-05468,07-01-2025,CASH PURCHASE (FIREWOOD) A/C,DIRECT,BOILER FUEL,MH18 M 9442,,,,4,40.52,40.52,162591.5,0,0,0,0,162592,10,2
10031,PBFD24-00219,07-01-2025,,,GBFD24-05467,07-01-2025,CASH PURCHASE (FIREWOOD) A/C,DIRECT,BOILER FUEL,MH18 M 9442,,,,2.23,40.52,40.52,162591.5,0,0,0,0,162592,22,2
10030,PBFD24-00219,07-01-2025,,,GBFD24-05466,07-01-2025,CASH PURCHASE (FIREWOOD) A/C,DIRECT,BOILER FUEL,MH18 M 3745,,,,4,40.52,40.52,162591.5,0,0,0,0,162592,21,2
10029,PBFD24-00219,07-01-2025,,,GBFD24-05465,07-01-2025,CASH PURCHASE (FIREWOOD) A/C,DIRECT,BOILER FUEL,MH18 M 3745,,,,2.92,40.52,40.52,162591.5,0,0,0,0,162592,20,2
10028,PBFD24-00219,07-01-2025,,,GBFD24-05455,07-01-2025,CASH PURCHASE (FIREWOOD) A/C,DIRECT,BOILER FUEL,MH18 AA 8527,,,,2,40.52,40.52,162591.5,0,0,0,0,162592,2,2
10027,PBFD24-00219,07-01-2025,,,GBFD24-05454,07-01-2025,CASH PURCHASE (FIREWOOD) A/C,DIRECT,BOILER FUEL,MH18 AA 8527,,,,3.71,40.52,40.52,162591.5,0,0,0,0,162592,16,2
10026,PBFD24-00219,07-01-2025,,,GBFD24-05457,07-01-2025,CASH PURCHASE (FIREWOOD) A/C,DIRECT,BOILER FUEL,MH18 AA 6803,,,,3.5,40.52,40.52,162591.5,0,0,0,0,162592,3,2
10025,PBFD24-00219,07-01-2025,,,GBFD24-05459,07-01-2025,CASH PURCHASE (FIREWOOD) A/C,DIRECT,BOILER FUEL,MH05 - 5755,,,,5.04,40.52,40.52,162591.5,0,0,0,0,162592,6,2
10024,PBFD24-00219,07-01-2025,,,GBFD24-05458,07-01-2025,CASH PURCHASE (FIREWOOD) A/C,DIRECT,BOILER FUEL,MH04 EB 1490,,,,3.56,40.52,40.52,162591.5,0,0,0,0,162592,9,2
10023,PBFD24-00219,07-01-2025,,,GBFD24-05462,07-01-2025,CASH PURCHASE (FIREWOOD) A/C,DIRECT,BOILER FUEL,MH04 CU 0130,,,,4,40.52,40.52,162591.5,0,0,0,0,162592,8,2
10022,PBFD24-00219,07-01-2025,,,GBFD24-05461,07-01-2025,CASH PURCHASE (FIREWOOD) A/C,DIRECT,BOILER FUEL,MH04 CU 0130,,,,3.93,40.52,40.52,162591.5,0,0,0,0,162592,22,2
10092,PSTD24-01479,08-01-2025,,,GOTD24-04598,08-01-2025,GOVINDA GASES PVT. LTD. DHULE,DIRECT,REPAIRS TO MACHINERY,,,,,2,2,2,550,99,0,0,0,649,19,2
10091,PSTD24-01368,08-01-2025,,,GOTD24-04322,08-01-2025,"YOGESH PRINTERS, DHULE",DIRECT,STATIONERY ITEMS 18% GST,,,,,1,1,1,23000,4140,0,0,0,27140,18,2
10090,PSTD24-01359,08-01-2025,,,GOTD24-04281,08-01-2025,"PRASHANT MACHINERY CORPORATION, DHULE",DIRECT,STORES AND SPARES,,,,,1,1,1,46950,8451,0,0,0,55400,15,2
10089,PSTD24-01339,08-01-2025,OTD24-00807,05-01-2025,GOTD24-04223,08-01-2025,"KONARK ENGINEERS, NASHIK",DIRECT,MAXFLOC T,,,,,50,50,50,15520,2793.6,0,0,0,18314,9,2
10088,PPMD24-01446,08-01-2025,OTD24-00816,08-01-2025,GOTD24-04153,08-01-2025,"SUDHA CORRUGATED PRODUCTS, DHULE",DIRECT,BOX FOR 15 KG JAR SOYA REFINED,MH18AA7355,15:15:35,03:45:00,05:00:00,1626,1626,82,42276,5073.12,0,-42.28,0,289011,11,2
10087,PPMD24-01446,08-01-2025,OTD24-00788,30-12-2024,GOTD24-04153,08-01-2025,"SUDHA CORRUGATED PRODUCTS, DHULE",DIRECT,BOX FOR 1 LT POUCH SOYA REFINED,MH18AA7355,15:15:35,03:45:00,05:00:00,12000,12000,600,216000,25920,0,-215.99,0,289011,1,2
10086,PPMD24-01445,08-01-2025,OTD24-00791,30-12-2024,GOTD24-04152,08-01-2025,"HINDUSTAN LABELS, NASHIK",DIRECT,LABEL FOR SOYA REF. OIL 2 LT JAR,MH15-4856,15:38:56,04:05:00,04:35:00,21200,21200,21200,33920,6105.6,0,0,0,383152,1,2
10085,PPMD24-01445,08-01-2025,OTD24-00791,30-12-2024,GOTD24-04152,08-01-2025,"HINDUSTAN LABELS, NASHIK",DIRECT,LABEL FOR  SOYA REF. OIL 5 LT JAR,MH15-4856,15:38:56,04:05:00,04:35:00,103300,100300,100300,250750,45135,0,0,0,383152,14,2
10084,PPMD24-01445,08-01-2025,OTD24-00791,30-12-2024,GOTD24-04152,08-01-2025,"HINDUSTAN LABELS, NASHIK",DIRECT,LABEL FOR  SOYA REF. OIL 15 LT TIN,MH15-4856,15:38:56,04:05:00,04:35:00,25950,25950,25950,33735,6072.3,0,0,0,383152,23,2
10083,PPMD24-01444,08-01-2025,OTD24-00793,31-12-2024,GOTD24-04151,08-01-2025,"VIDYA INDUSTRIES, DHULE",DIRECT,EMPTY TIN FOR 15 KG/15 LT,MH18M8949,15:56:31,11:55:00,12:35:00,2016,2016,2016,165312,29756.16,0,-165.31,0,194903,24,2
10082,PPMD24-01443,08-01-2025,OTD24-00726,10-12-2024,GOTD24-04150,08-01-2025,"OM PLASTICS CONTAINERS, DHULE",DIRECT,EMPTY JAR FOR 5 LT (YELLOW),MH19S3224,17:52:03,10:15:00,10:45:00,2534,2550,2550,59925,10786.5,0,-59.92,0,70652,4,2
10081,PBTD24-00504,08-01-2025,OTD24-00809,06-01-2025,GOTD24-04165,08-01-2025,"MAHARASHTRA OIL EXT. PVT LTD ""DHL-NDB"" (BRANCH TRANSFER)",DIRECT,SOYA CRUDE OIL,MH18AA6489,16:53:25,18:30:00,20:00:00,31.135,31.19,1,3649230,0,0,0,0,3649230,19,2
10080,PBTD24-00503,08-01-2025,OTD24-00809,06-01-2025,GOTD24-04149,08-01-2025,"MAHARASHTRA OIL EXT. PVT LTD ""DHL-NDB"" (BRANCH TRANSFER)",DIRECT,SOYA CRUDE OIL,MH18BG6389,16:46:43,17:25:00,18:20:00,31.155,31.18,1,3648060,0,0,0,0,3648060,16,2
10079,PBFD24-00238,08-01-2025,,,GBFD24-05474,08-01-2025,CASH PURCHASE (FIREWOOD) A/C,DIRECT,BOILER FUEL,MH46 AR 3607,,,,3.56,42.32,42.32,189815,0,0,0,0,189813,15,2
10078,PBFD24-00238,08-01-2025,,,GBFD24-05486,08-01-2025,CASH PURCHASE (FIREWOOD) A/C,DIRECT,BOILER FUEL,MH41 G 8608,,,,3.43,42.32,42.32,189815,0,0,0,0,189813,14,2
10077,PBFD24-00238,08-01-2025,,,GBFD24-05480,08-01-2025,CASH PURCHASE (FIREWOOD) A/C,DIRECT,BOILER FUEL,MH41 G 7039,,,,2.89,42.32,42.32,189815,0,0,0,0,189813,10,2
10076,PBFD24-00238,08-01-2025,,,GBFD24-05479,08-01-2025,CASH PURCHASE (FIREWOOD) A/C,DIRECT,BOILER FUEL,MH41 G 7039,,,,2,42.32,42.32,189815,0,0,0,0,189813,3,2
10075,PBFD24-00238,08-01-2025,,,GBFD24-05478,08-01-2025,CASH PURCHASE (FIREWOOD) A/C,DIRECT,BOILER FUEL,MH41 G 7039,,,,3.6,42.32,42.32,189815,0,0,0,0,189813,24,2
10074,PBFD24-00238,08-01-2025,,,GBFD24-05477,08-01-2025,CASH PURCHASE (FIREWOOD) A/C,DIRECT,BOILER FUEL,MH41 G 5920,,,,2.67,42.32,42.32,189815,0,0,0,0,189813,17,2
10073,PBFD24-00238,08-01-2025,,,GBFD24-05476,08-01-2025,CASH PURCHASE (FIREWOOD) A/C,DIRECT,BOILER FUEL,MH41 G 5920,,,,3.6,42.32,42.32,189815,0,0,0,0,189813,9,2
10072,PBFD24-00238,08-01-2025,,,GBFD24-05483,08-01-2025,CASH PURCHASE (FIREWOOD) A/C,DIRECT,BOILER FUEL,MH41 G 5191,,,,2.93,42.32,42.32,189815,0,0,0,0,189813,26,2
10071,PBFD24-00238,08-01-2025,,,GBFD24-05482,08-01-2025,CASH PURCHASE (FIREWOOD) A/C,DIRECT,BOILER FUEL,MH41 G 5191,,,,2,42.32,42.32,189815,0,0,0,0,189813,6,2
10070,PBFD24-00238,08-01-2025,,,GBFD24-05481,08-01-2025,CASH PURCHASE (FIREWOOD) A/C,DIRECT,BOILER FUEL,MH41 G 5191,,,,3.6,42.32,42.32,189815,0,0,0,0,189813,12,2
10069,PBFD24-00238,08-01-2025,,,GBFD24-05472,08-01-2025,CASH PURCHASE (FIREWOOD) A/C,DIRECT,BOILER FUEL,MH41 G 1624,,,,2,42.32,42.32,189815,0,0,0,0,189813,26,2
10068,PBFD24-00238,08-01-2025,,,GBFD24-05471,08-01-2025,CASH PURCHASE (FIREWOOD) A/C,DIRECT,BOILER FUEL,MH41 G 1624,,,,3.21,42.32,42.32,189815,0,0,0,0,189813,28,2
10067,PBFD24-00238,08-01-2025,,,GBFD24-05488,08-01-2025,CASH PURCHASE (FIREWOOD) A/C,DIRECT,BOILER FUEL,MH20 EG 2685,,,,4.64,42.32,42.32,189815,0,0,0,0,189813,9,2
10066,PBFD24-00238,08-01-2025,,,GBFD24-05487,08-01-2025,CASH PURCHASE (FIREWOOD) A/C,DIRECT,BOILER FUEL,MH19 CY 2270,,,,1.98,42.32,42.32,189815,0,0,0,0,189813,15,2
10065,PBFD24-00238,08-01-2025,,,GBFD24-05494,08-01-2025,CASH PURCHASE (FIREWOOD) A/C,DIRECT,BOILER FUEL,MH18 M 3745,,,,4,42.32,42.32,189815,0,0,0,0,189813,19,2
10064,PBFD24-00238,08-01-2025,,,GBFD24-05493,08-01-2025,CASH PURCHASE (FIREWOOD) A/C,DIRECT,BOILER FUEL,MH18 M 3745,,,,2.82,42.32,42.32,189815,0,0,0,0,189813,13,2
10063,PBFD24-00238,08-01-2025,,,GBFD24-05492,08-01-2025,CASH PURCHASE (FIREWOOD) A/C,DIRECT,BOILER FUEL,MH18 M 1039,,,,4,42.32,42.32,189815,0,0,0,0,189813,17,2
10062,PBFD24-00238,08-01-2025,,,GBFD24-05491,08-01-2025,CASH PURCHASE (FIREWOOD) A/C,DIRECT,BOILER FUEL,MH18 M 1039,,,,2.68,42.32,42.32,189815,0,0,0,0,189813,18,2
10061,PBFD24-00238,08-01-2025,,,GBFD24-05495,08-01-2025,CASH PURCHASE (FIREWOOD) A/C,DIRECT,BOILER FUEL,MH17 T 2437,,,,2.34,42.32,42.32,189815,0,0,0,0,189813,12,2
10060,PBFD24-00238,08-01-2025,,,GBFD24-05475,08-01-2025,CASH PURCHASE (FIREWOOD) A/C,DIRECT,BOILER FUEL,MH06 AG 5793,,,,2.62,42.32,42.32,189815,0,0,0,0,189813,11,2
10059,PBFD24-00238,08-01-2025,,,GBFD24-05485,08-01-2025,CASH PURCHASE (FIREWOOD) A/C,DIRECT,BOILER FUEL,MH05 - 5755,,,,4.88,42.32,42.32,189815,0,0,0,0,189813,6,2
10058,PBFD24-00238,08-01-2025,,,GBFD24-05470,08-01-2025,CASH PURCHASE (FIREWOOD) A/C,DIRECT,BOILER FUEL,MH04 GF 2005,,,,4.18,42.32,42.32,189815,0,0,0,0,189813,18,2
10057,PBFD24-00238,08-01-2025,,,GBFD24-05490,08-01-2025,CASH PURCHASE (FIREWOOD) A/C,DIRECT,BOILER FUEL,MH04 CU 0130,,,,4,42.32,42.32,189815,0,0,0,0,189813,3,2
10056,PBFD24-00238,08-01-2025,,,GBFD24-05489,08-01-2025,CASH PURCHASE (FIREWOOD) A/C,DIRECT,BOILER FUEL,MH04 CU 0130,,,,3.47,42.32,42.32,189815,0,0,0,0,189813,19,2
10055,PBFD24-00238,08-01-2025,,,GBFD24-05473,08-01-2025,CASH PURCHASE (FIREWOOD) A/C,DIRECT,BOILER FUEL,MH02 ER 4116,,,,3.47,42.32,42.32,189815,0,0,0,0,189813,2,2
10054,PBFD24-00238,08-01-2025,,,GBFD24-05484,08-01-2025,CASH PURCHASE (FIREWOOD) A/C,DIRECT,BOILER FUEL,MH01 LA 0579,,,,4.07,42.32,42.32,189815,0,0,0,0,189813,22,2
10153,PSTD24-01365,09-01-2025,,,GOTD24-04315,09-01-2025,"PRASHANT MACHINERY CORPORATION, DHULE",DIRECT,STORES AND SPARES,,,,,1,1,1,7250,1305,0,0,0,8555,12,2
10152,PSTD24-01358,09-01-2025,,,GOTD24-04280,09-01-2025,"JYOTI AUTOMOBILES, MALEGAON",DIRECT,STORES AND SPARES,,,,,1,1,1,8396.25,1511.33,0,0,0,9908,26,2
10151,PSTD24-01335,09-01-2025,,,GOTD24-04219,09-01-2025,KRISHNA IMPEX INDIA DHULE,DIRECT,STORES AND SPARES,,,,,1,1,1,5200,936,0,0,0,6136,27,2
10150,PSTD24-01333,09-01-2025,,,GOTD24-04216,09-01-2025,"BIPIN METAL PRODUCTS, DHULE",DIRECT,STORES AND SPARES,MH03AH3036,,,,398,398,398,22728.98,4091.22,0,-22.72,0,26797,6,2
10149,PSTD24-01330,09-01-2025,,,GOTD24-04203,09-01-2025,"YOGESH PRINTERS, DHULE",DIRECT,STATIONERY ITEMS 18% GST,,,,,1,1,1,12750,2295,0,0,0,15045,22,2
10148,PSTD24-01329,09-01-2025,,,GOTD24-04198,09-01-2025,"NAVJEEVAN BOOK STALL, DHULE",DIRECT,STATIONERY ITEMS 18% GST,,,,,1,1,1,7848.32,1412.7,0,0,0,9261,15,2
10147,PSTD24-01328,09-01-2025,,,GOTD24-04197,09-01-2025,"NAVJEEVAN BOOK STALL, DHULE",DIRECT,STATIONERY ITME 12% GST,,,,,1,1,1,1885.72,226.29,0,0,0,16387,4,2
10146,PSTD24-01328,09-01-2025,,,GOTD24-04197,09-01-2025,"NAVJEEVAN BOOK STALL, DHULE",DIRECT,STATIONERY ITEMS 18% GST,,,,,1,1,1,12097.46,2177.54,0,0,0,16387,2,2
10145,PSTD24-01324,09-01-2025,,,GOTD24-04185,09-01-2025,ATMASUMAN BUILDCON PVT LTD. DHULE,DIRECT,STORES AND SPARES,MH18AP2012,,,,1,1,1,5433.34,978,0,0,0,6411,5,2
10144,PSTD24-01320,09-01-2025,,,GOTD24-04181,09-01-2025,"V.M. PATEL & CO, DHULE",DIRECT,STORES AND SPARES,,,,,1,1,1,872.31,157.02,0,0,0,1029,13,2
10143,PRMD24-00740,09-01-2025,OTD24-00767,25-12-2024,GOTD24-04172,09-01-2025,"ADANI WILMAR LTD, HAZIRA","MAHAVIR BROKERS, NASHIKROAD",SOYA REFINED OIL,MH04FU6389,15:12:20,18:20:00,19:05:00,24.735,24.77,1,3034325,151716.25,0,-3034.32,0,3183007,27,2
10142,PRMD24-00739,09-01-2025,OTD24-00471,12-09-2024,GOTD24-04171,09-01-2025,"FRIGORIFICO ALLANA LTD, MUMBAI","MAHAVIR BROKERS, NASHIKROAD",SOYA REFINED OIL,MH04FD7083,,,,9.89,9.89,1,1159302.83,57965.14,0,0,0,1217268,26,2
10141,PRMD24-00738,09-01-2025,OTD24-00814,07-01-2025,GOTD24-04169,09-01-2025,"SHANTI OIL INDUSTRIES,JUNNAR","SANTOSH BROKER'S , MUMBAI",SOYA REFINED OIL,MH18AA9489,16:13:06,17:20:00,,24.935,24.98,1,3060050,153002.5,0,-3060.05,0,3209992,21,2
10140,PRMD24-00737,09-01-2025,OTD24-00814,07-01-2025,GOTD24-04168,09-01-2025,"SHANTI OIL INDUSTRIES,JUNNAR","SANTOSH BROKER'S , MUMBAI",SOYA REFINED OIL,MH04GF1089,15:03:31,17:35:00,18:10:00,24.845,24.89,1,3049025,152451.25,0,-3049.02,0,3198427,21,2
10139,PRMD24-00736,09-01-2025,OTD24-00767,25-12-2024,GOTD24-04166,09-01-2025,"ADANI WILMAR LTD, HAZIRA","MAHAVIR BROKERS, NASHIKROAD",SOYA REFINED OIL,MH18BA3789,15:11:14,16:50:00,17:25:00,24.87,24.92,1,3052700,152635,0,-3052.7,0,3202282,27,2
10138,PPMD24-01453,09-01-2025,OTD24-00821,07-01-2025,GOTD24-04180,09-01-2025,"SAGAR ENTERPRISES, DHULE",DIRECT,EMPTY JAR FOR 15 LT,MH18D7497,16:08:53,20:00:00,20:01:00,1036,1044,1044,53766,9677.88,0,-53.76,0,63390,10,2
10137,PPMD24-01452,09-01-2025,OTD24-00730,14-12-2024,GOTD24-04179,09-01-2025,"SHRINATHJI CONTAINERS, DHARANGAON",DIRECT,EMPTY TIN FOR 15 KG/15 LT,MH20AA9907,11:52:07,19:00:00,19:50:00,3018,3018,3018,244458,44002.44,0,-244.45,0,288216,3,2
10136,PPMD24-01451,09-01-2025,OTD24-00777,26-12-2024,GOTD24-04178,09-01-2025,"SAGAR ENTERPRISES, DHULE",DIRECT,EMPTY JAR FOR 15 KG,MTS6357,11:40:06,03:50:00,,1488,1500,1500,84000,15120,0,-84,0,99036,15,2
10135,PPMD24-01450,09-01-2025,OTD24-00581,07-10-2024,GOTD24-04176,09-01-2025,"UK PLASTIC, AWDHAN",DIRECT,EMPTY JAR FOR 15 LT,MH19S3224,14:20:16,03:05:00,,1140,1140,1140,60420,10875.6,0,-60.42,0,71235,23,2
10134,PPMD24-01449,09-01-2025,OTD24-00788,30-12-2024,GOTD24-04175,09-01-2025,"SUDHA CORRUGATED PRODUCTS, DHULE",DIRECT,BOX FOR 1 LT POUCH SOYA REFINED,MH18AA7355,10:34:44,11:58:00,15:10:00,14000,14000,700,252000,30240,0,-252,0,281988,25,2
10133,PPMD24-01448,09-01-2025,OTD24-00826,09-01-2025,GOTD24-04174,09-01-2025,"WINLEY POLYMERS, JALGAON",DIRECT,PLASTIC CTC CAP,MH18M1419,10:18:58,11:32:00,11:50:00,60000,60000,60000,39000,7020,0,0,0,149579,17,2
10132,PPMD24-01448,09-01-2025,OTD24-00806,04-01-2025,GOTD24-04174,09-01-2025,"WINLEY POLYMERS, JALGAON",DIRECT,EMPTY BOTTLE FOR 500 ML,MH18M1419,10:18:58,11:32:00,11:50:00,18200,18200,18200,55146,9926.28,0,0,0,149579,29,2
10131,PPMD24-01448,09-01-2025,OTD24-00826,09-01-2025,GOTD24-04174,09-01-2025,"WINLEY POLYMERS, JALGAON",DIRECT,EMPTY BOTTLE FOR 1 LT,MH18M1419,10:18:58,11:32:00,11:50:00,7200,7200,7200,32616,5870.88,0,0,0,149579,11,2
10130,PPMD24-01447,09-01-2025,OTD24-00800,03-01-2025,GOTD24-04173,09-01-2025,"CANMAN MFG INDS PVT LTD., DHULE",DIRECT,EMPTY TIN FOR 15 KG/15 LT,MH46E2990,15:54:46,10:35:00,11:30:00,2153,2160,2160,178200,32076,0,-178.2,0,210098,21,2
10129,PBTD24-00506,09-01-2025,OTD24-00828,09-01-2025,GOTD24-04177,09-01-2025,"MAHARASHTRA OIL EXT. PVT LTD ""DHL-NDB"" (BRANCH TRANSFER)",DIRECT,SOYA CRUDE OIL,MH18AA6489,17:14:27,18:30:00,19:45:00,31.09,31.1,1,3669800,0,0,0,0,3669800,1,2
10128,PBTD24-00505,09-01-2025,OTD24-00828,09-01-2025,GOTD24-04170,09-01-2025,"MAHARASHTRA OIL EXT. PVT LTD ""DHL-NDB"" (BRANCH TRANSFER)",DIRECT,SOYA CRUDE OIL,MH18BG6389,17:02:24,17:30:00,18:30:00,30.855,30.87,1,3642660,0,0,0,0,3642660,10,2
10127,PBFD24-00257,09-01-2025,OTD24-00751,19-12-2024,GOTD24-04167,09-01-2025,"MALHAR OFFSET PVT LTD, JALGAON",DIRECT,CALENDER BIG (MARATHI),,,,,1800,1800,1800,23400,4212,0,0,0,27612,22,2
10126,PBFD24-00239,09-01-2025,,,GBFD24-05516,09-01-2025,CASH PURCHASE (FIREWOOD) A/C,DIRECT,BOILER FUEL,NEW TRACTOR,,,,1,61.985,61.985,254138.5,0,0,0,0,254136,25,2
10125,PBFD24-00239,09-01-2025,,,GBFD24-05515,09-01-2025,CASH PURCHASE (FIREWOOD) A/C,DIRECT,BOILER FUEL,NEW TRACTOR,,,,1.605,61.985,61.985,254138.5,0,0,0,0,254136,9,2
10124,PBFD24-00239,09-01-2025,,,GBFD24-05521,09-01-2025,CASH PURCHASE (FIREWOOD) A/C,DIRECT,BOILER FUEL,MH48 AY 3546,,,,1.42,61.985,61.985,254138.5,0,0,0,0,254136,19,2
10123,PBFD24-00239,09-01-2025,,,GBFD24-05522,09-01-2025,CASH PURCHASE (FIREWOOD) A/C,DIRECT,BOILER FUEL,MH42 M 9413,,,,1.885,61.985,61.985,254138.5,0,0,0,0,254136,22,2
10122,PBFD24-00239,09-01-2025,,,GBFD24-05514,09-01-2025,CASH PURCHASE (FIREWOOD) A/C,DIRECT,BOILER FUEL,MH41 G 1912,,,,2,61.985,61.985,254138.5,0,0,0,0,254136,5,2
10121,PBFD24-00239,09-01-2025,,,GBFD24-05513,09-01-2025,CASH PURCHASE (FIREWOOD) A/C,DIRECT,BOILER FUEL,MH41 G 1912,,,,1.075,61.985,61.985,254138.5,0,0,0,0,254136,13,2
10120,PBFD24-00239,09-01-2025,,,GBFD24-05496,09-01-2025,CASH PURCHASE (FIREWOOD) A/C,DIRECT,BOILER FUEL,MH41 G 1624,,,,2.29,61.985,61.985,254138.5,0,0,0,0,254136,26,2
10119,PBFD24-00239,09-01-2025,,,GBFD24-05511,09-01-2025,CASH PURCHASE (FIREWOOD) A/C,DIRECT,BOILER FUEL,MH41 AU 4072,,,,2.13,61.985,61.985,254138.5,0,0,0,0,254136,28,2
10118,PBFD24-00239,09-01-2025,,,GBFD24-05518,09-01-2025,CASH PURCHASE (FIREWOOD) A/C,DIRECT,BOILER FUEL,MH27- 3548,,,,2,61.985,61.985,254138.5,0,0,0,0,254136,9,2
10117,PBFD24-00239,09-01-2025,,,GBFD24-05517,09-01-2025,CASH PURCHASE (FIREWOOD) A/C,DIRECT,BOILER FUEL,MH27- 3548,,,,1.9,61.985,61.985,254138.5,0,0,0,0,254136,11,2
10116,PBFD24-00239,09-01-2025,,,GBFD24-05523,09-01-2025,CASH PURCHASE (FIREWOOD) A/C,DIRECT,BOILER FUEL,MH20 EG 2685,,,,2.295,61.985,61.985,254138.5,0,0,0,0,254136,17,2
10115,PBFD24-00239,09-01-2025,,,GBFD24-05512,09-01-2025,CASH PURCHASE (FIREWOOD) A/C,DIRECT,BOILER FUEL,MH19 S 7663,,,,2.44,61.985,61.985,254138.5,0,0,0,0,254136,19,2
10114,PBFD24-00239,09-01-2025,,,GBFD24-05500,09-01-2025,CASH PURCHASE (FIREWOOD) A/C,DIRECT,BOILER FUEL,MH19 CY 2212,,,,2,61.985,61.985,254138.5,0,0,0,0,254136,24,2
10113,PBFD24-00239,09-01-2025,,,GBFD24-05499,09-01-2025,CASH PURCHASE (FIREWOOD) A/C,DIRECT,BOILER FUEL,MH19 CY 2212,,,,2,61.985,61.985,254138.5,0,0,0,0,254136,21,2
10112,PBFD24-00239,09-01-2025,,,GBFD24-05498,09-01-2025,CASH PURCHASE (FIREWOOD) A/C,DIRECT,BOILER FUEL,MH19 CY 2212,,,,2.025,61.985,61.985,254138.5,0,0,0,0,254136,1,2
10111,PBFD24-00239,09-01-2025,,,GBFD24-05502,09-01-2025,CASH PURCHASE (FIREWOOD) A/C,DIRECT,BOILER FUEL,MH19 CY 1351,,,,0.95,61.985,61.985,254138.5,0,0,0,0,254136,27,2
10110,PBFD24-00239,09-01-2025,,,GBFD24-05529,09-01-2025,CASH PURCHASE (FIREWOOD) A/C,DIRECT,BOILER FUEL,MH18 M 3745,,,,2,61.985,61.985,254138.5,0,0,0,0,254136,14,2
10109,PBFD24-00239,09-01-2025,,,GBFD24-05528,09-01-2025,CASH PURCHASE (FIREWOOD) A/C,DIRECT,BOILER FUEL,MH18 M 3745,,,,1.27,61.985,61.985,254138.5,0,0,0,0,254136,9,2
10108,PBFD24-00239,09-01-2025,,,GBFD24-05508,09-01-2025,CASH PURCHASE (FIREWOOD) A/C,DIRECT,BOILER FUEL,MH18 BG 3030,,,,2,61.985,61.985,254138.5,0,0,0,0,254136,30,2
10107,PBFD24-00239,09-01-2025,,,GBFD24-05507,09-01-2025,CASH PURCHASE (FIREWOOD) A/C,DIRECT,BOILER FUEL,MH18 BG 3030,,,,2,61.985,61.985,254138.5,0,0,0,0,254136,20,2
10106,PBFD24-00239,09-01-2025,,,GBFD24-05506,09-01-2025,CASH PURCHASE (FIREWOOD) A/C,DIRECT,BOILER FUEL,MH18 BG 3030,,,,2.055,61.985,61.985,254138.5,0,0,0,0,254136,5,2
10105,PBFD24-00239,09-01-2025,,,GBFD24-05520,09-01-2025,CASH PURCHASE (FIREWOOD) A/C,DIRECT,BOILER FUEL,MH18 AA 2580,,,,1.565,61.985,61.985,254138.5,0,0,0,0,254136,13,2
10104,PBFD24-00239,09-01-2025,,,GBFD24-05505,09-01-2025,CASH PURCHASE (FIREWOOD) A/C,DIRECT,BOILER FUEL,MH18 AA 1804,,,,2,61.985,61.985,254138.5,0,0,0,0,254136,15,2
10103,PBFD24-00239,09-01-2025,,,GBFD24-05504,09-01-2025,CASH PURCHASE (FIREWOOD) A/C,DIRECT,BOILER FUEL,MH18 AA 1804,,,,2,61.985,61.985,254138.5,0,0,0,0,254136,29,2
10102,PBFD24-00239,09-01-2025,,,GBFD24-05503,09-01-2025,CASH PURCHASE (FIREWOOD) A/C,DIRECT,BOILER FUEL,MH18 AA 1804,,,,1.315,61.985,61.985,254138.5,0,0,0,0,254136,15,2
10101,PBFD24-00239,09-01-2025,,,GBFD24-05519,09-01-2025,CASH PURCHASE (FIREWOOD) A/C,DIRECT,BOILER FUEL,MH04 GF 3531,,,,0.94,61.985,61.985,254138.5,0,0,0,0,254136,13,2
10100,PBFD24-00239,09-01-2025,,,GBFD24-05527,09-01-2025,CASH PURCHASE (FIREWOOD) A/C,DIRECT,BOILER FUEL,MH04 EY 0793,,,,2.25,61.985,61.985,254138.5,0,0,0,0,254136,14,2
10099,PBFD24-00239,09-01-2025,,,GBFD24-05526,09-01-2025,CASH PURCHASE (FIREWOOD) A/C,DIRECT,BOILER FUEL,MH04 EY 0793,,,,2.25,61.985,61.985,254138.5,0,0,0,0,254136,28,2
10098,PBFD24-00239,09-01-2025,,,GBFD24-05510,09-01-2025,CASH PURCHASE (FIREWOOD) A/C,DIRECT,BOILER FUEL,MH04 DD 8205,,,,2,61.985,61.985,254138.5,0,0,0,0,254136,8,2
10097,PBFD24-00239,09-01-2025,,,GBFD24-05509,09-01-2025,CASH PURCHASE (FIREWOOD) A/C,DIRECT,BOILER FUEL,MH04 DD 8205,,,,1.48,61.985,61.985,254138.5,0,0,0,0,254136,1,2
10096,PBFD24-00239,09-01-2025,,,GBFD24-05525,09-01-2025,CASH PURCHASE (FIREWOOD) A/C,DIRECT,BOILER FUEL,MH04 CU 0130,,,,2,61.985,61.985,254138.5,0,0,0,0,254136,8,2
10095,PBFD24-00239,09-01-2025,,,GBFD24-05524,09-01-2025,CASH PURCHASE (FIREWOOD) A/C,DIRECT,BOILER FUEL,MH04 CU 0130,,,,2.32,61.985,61.985,254138.5,0,0,0,0,254136,19,2
10094,PBFD24-00239,09-01-2025,,,GBFD24-05497,09-01-2025,CASH PURCHASE (FIREWOOD) A/C,DIRECT,BOILER FUEL,MH03 AH 3809,,,,1.545,61.985,61.985,254138.5,0,0,0,0,254136,29,2
10093,PBFD24-00239,09-01-2025,,,GBFD24-05501,09-01-2025,CASH PURCHASE (FIREWOOD) A/C,DIRECT,BOILER FUEL,MH02 ER 4116,,,,1.98,61.985,61.985,254138.5,0,0,0,0,254136,28,2
10196,PSTD24-01480,10-01-2025,,,GOTD24-04599,10-01-2025,GOVINDA GASES PVT. LTD. DHULE,DIRECT,REPAIRS TO MACHINERY,,,,,1,1,1,275,49.5,0,0,0,325,23,2
10195,PSTD24-01355,10-01-2025,,,GOTD24-04260,10-01-2025,"GEA WESTFALIA SEPERATOR INDIA PVT.LTD, NEW DELHI",DIRECT,REPAIRS TO MACHINERY,,,,,8,8,8,187724.16,33790.35,0,0,0,221515,22,2
10194,PSTD24-01336,10-01-2025,,,GOTD24-04220,10-01-2025,POONAM  PAINTS JALGAON,DIRECT,CAUSTIC SODA,MH19CX6003,,,,14.176,14.176,14.176,655640,118015.2,0,0,0,773655,19,2
10193,PSTD24-01323,10-01-2025,,,GOTD24-04184,10-01-2025,"YOGESH PRINTERS, DHULE",DIRECT,STATIONERY ITEMS 18% GST,,,,,1,1,1,420,75.6,0,0,0,496,18,2
10192,PRMD24-00744,10-01-2025,OTD24-00838,10-01-2025,GOTD24-04202,10-01-2025,"PRAGATI ORGANICS, DHULE",DIRECT,SOYA CRUDE OIL,MH18BG6389,12:01:04,20:45:00,21:40:00,19.085,19.085,1,2366540,118327,0,-2366.54,0,2482500,1,2
10191,PRMD24-00742,10-01-2025,OTD24-00815,08-01-2025,GOTD24-04189,10-01-2025,"SHANTI OIL INDUSTRIES,JUNNAR","SANTOSH BROKER'S , MUMBAI",SOYA REFINED OIL,MH18AA9289,14:12:04,16:05:00,16:45:00,24.88,24.92,1,3077620,153881,0,-3077.62,0,3228423,13,2
10190,PPMD24-01458,10-01-2025,OTD24-00821,07-01-2025,GOTD24-04201,10-01-2025,"SAGAR ENTERPRISES, DHULE",DIRECT,EMPTY JAR FOR 15 KG,MH18AA7965,15:23:23,09:05:00,09:15:00,240,1320,1320,73920,13305.6,0,-73.92,0,87152,9,2
10189,PPMD24-01458,10-01-2025,OTD24-00777,26-12-2024,GOTD24-04201,10-01-2025,"SAGAR ENTERPRISES, DHULE",DIRECT,EMPTY JAR FOR 15 KG,MH18AA7965,15:23:23,09:05:00,09:15:00,2400,1320,1320,73920,13305.6,0,-73.92,0,87152,9,2
10188,PPMD24-01457,10-01-2025,OTD24-00825,08-01-2025,GOTD24-04200,10-01-2025,"VIDYA INDUSTRIES, DHULE",DIRECT,EMPTY TIN FOR 15 KG/15 LT,MH18M8949,14:34:07,08:50:00,09:10:00,1430,2016,2016,165669.5,29820.51,0,-165.66,0,195324,20,2
10187,PPMD24-01457,10-01-2025,OTD24-00793,31-12-2024,GOTD24-04200,10-01-2025,"VIDYA INDUSTRIES, DHULE",DIRECT,EMPTY TIN FOR 15 KG/15 LT,MH18M8949,14:34:07,08:50:00,09:10:00,2602,2016,2016,165669.5,29820.51,0,-165.66,0,195324,8,2
10186,PPMD24-01456,10-01-2025,OTD24-00800,03-01-2025,GOTD24-04199,10-01-2025,"CANMAN MFG INDS PVT LTD., DHULE",DIRECT,EMPTY TIN FOR 15 KG/15 LT,MH46E2990,10:41:15,08:40:00,09:05:00,2160,2160,2160,178200,32076,0,-178.2,0,210098,15,2
10185,PPMD24-01455,10-01-2025,OTD24-00793,31-12-2024,GOTD24-04196,10-01-2025,"VIDYA INDUSTRIES, DHULE",DIRECT,EMPTY TIN FOR 15 KG/15 LT,MH18M8949,18:26:56,11:57:00,12:28:00,2011,2016,2016,165312,29756.16,0,-165.31,0,194903,21,2
10184,PPMD24-01454,10-01-2025,OTD24-00788,30-12-2024,GOTD24-04195,10-01-2025,"SUDHA CORRUGATED PRODUCTS, DHULE",DIRECT,BOX FOR 1 LT POUCH SOYA REFINED,MH18AA7965,18:37:07,10:30:00,11:03:00,10495,10495,525,188910,22669.2,0,-188.91,0,211390,10,2
10183,PBTD24-00517,10-01-2025,OTD23-00379,30-08-2023,GOTD24-04264,10-01-2025,"MAHARASHTRA OIL EXT. PVT LTD ""DHL-NDB"" (BRANCH TRANSFER)",DIRECT,YELLOW SOYA DOC (PP BAGS),MH18AP3486,,,,21.66,21.66,333,671460,0,0,0,0,671460,17,2
10182,PBTD24-00516,10-01-2025,OTD24-00517,24-09-2024,GOTD24-04263,10-01-2025,"MAHARASHTRA OIL EXT. PVT LTD ""DHL-NDB"" (BRANCH TRANSFER)",DIRECT,YELLOW SOYA DOC (PP BAGS),MH14HG2184,,,,11.03,11.03,170,341930,0,0,0,0,341930,7,2
10181,PBTD24-00515,10-01-2025,OTD24-00828,09-01-2025,GOTD24-04262,10-01-2025,"MAHARASHTRA OIL EXT. PVT LTD ""DHL-NDB"" (BRANCH TRANSFER)",DIRECT,SOYA CRUDE OIL,MH14HG2184,,,,0.9,0.9,5,116595.23,0,0,0,0,116595,4,2
10180,PBTD24-00514,10-01-2025,OTD24-00828,09-01-2025,GOTD24-04261,10-01-2025,"MAHARASHTRA OIL EXT. PVT LTD ""DHL-NDB"" (BRANCH TRANSFER)",DIRECT,SOYA CRUDE OIL,MH18AP3486,,,,3.06,3.06,17,391808.21,0,0,0,0,391808,11,2
10179,PBTD24-00508,10-01-2025,OTD24-00828,09-01-2025,GOTD24-04193,10-01-2025,"MAHARASHTRA OIL EXT. PVT LTD ""DHL-NDB"" (BRANCH TRANSFER)",DIRECT,SOYA CRUDE OIL,MH18AA6489,15:48:29,16:45:00,17:55:00,31.07,31.1,1,3669800,0,0,0,0,3669800,27,2
10178,PBTD24-00507,10-01-2025,OTD24-00828,09-01-2025,GOTD24-04190,10-01-2025,"MAHARASHTRA OIL EXT. PVT LTD ""DHL-NDB"" (BRANCH TRANSFER)",DIRECT,SOYA CRUDE OIL,MH18BG6389,14:33:53,15:35:00,14:30:00,30.93,30.95,1,3652100,0,0,0,0,3652100,1,2
10177,PBFD24-00258,10-01-2025,OTD24-00751,19-12-2024,GOTD24-04192,10-01-2025,"MALHAR OFFSET PVT LTD, JALGAON",DIRECT,CALENDER BIG (MARATHI),,,,,1395,1395,1395,18135,3264.3,0,0,0,21399,6,2
10176,PBFD24-00240,10-01-2025,,,GBFD24-05536,10-01-2025,CASH PURCHASE (FIREWOOD) A/C,DIRECT,BOILER FUEL,NEW TRACTOR,,,,2,32.51,32.51,145884,0,0,0,0,145881,28,2
10175,PBFD24-00240,10-01-2025,,,GBFD24-05535,10-01-2025,CASH PURCHASE (FIREWOOD) A/C,DIRECT,BOILER FUEL,NEW TRACTOR,,,,3.66,32.51,32.51,145884,0,0,0,0,145881,26,2
10174,PBFD24-00240,10-01-2025,,,GBFD24-05534,10-01-2025,CASH PURCHASE (FIREWOOD) A/C,DIRECT,BOILER FUEL,NEW TRACTOR,,,,4,32.51,32.51,145884,0,0,0,0,145881,27,2
10173,PBFD24-00240,10-01-2025,,,GBFD24-05533,10-01-2025,CASH PURCHASE (FIREWOOD) A/C,DIRECT,BOILER FUEL,NEW TRACTOR,,,,3.45,32.51,32.51,145884,0,0,0,0,145881,14,2
10172,PBFD24-00240,10-01-2025,,,GBFD24-05546,10-01-2025,CASH PURCHASE (FIREWOOD) A/C,DIRECT,BOILER FUEL,MH46 G 6449,,,,1.3,32.51,32.51,145884,0,0,0,0,145881,8,2
10171,PBFD24-00240,10-01-2025,,,GBFD24-05530,10-01-2025,CASH PURCHASE (FIREWOOD) A/C,DIRECT,BOILER FUEL,MH46 AR 3607,,,,4.07,32.51,32.51,145884,0,0,0,0,145881,22,2
10170,PBFD24-00240,10-01-2025,,,GBFD24-05545,10-01-2025,CASH PURCHASE (FIREWOOD) A/C,DIRECT,BOILER FUEL,MH41 G 7039,,,,2.4,32.51,32.51,145884,0,0,0,0,145881,19,2
10169,PBFD24-00240,10-01-2025,,,GBFD24-05544,10-01-2025,CASH PURCHASE (FIREWOOD) A/C,DIRECT,BOILER FUEL,MH41 G 7039,,,,2,32.51,32.51,145884,0,0,0,0,145881,5,2
10168,PBFD24-00240,10-01-2025,,,GBFD24-05543,10-01-2025,CASH PURCHASE (FIREWOOD) A/C,DIRECT,BOILER FUEL,MH41 G 7039,,,,3.6,32.51,32.51,145884,0,0,0,0,145881,12,2
10167,PBFD24-00240,10-01-2025,,,GBFD24-05542,10-01-2025,CASH PURCHASE (FIREWOOD) A/C,DIRECT,BOILER FUEL,MH41 G 7039,,,,2.67,32.51,32.51,145884,0,0,0,0,145881,29,2
10166,PBFD24-00240,10-01-2025,,,GBFD24-05541,10-01-2025,CASH PURCHASE (FIREWOOD) A/C,DIRECT,BOILER FUEL,MH41 G 5191,,,,2,32.51,32.51,145884,0,0,0,0,145881,28,2
10165,PBFD24-00240,10-01-2025,,,GBFD24-05540,10-01-2025,CASH PURCHASE (FIREWOOD) A/C,DIRECT,BOILER FUEL,MH41 G 5191,,,,2,32.51,32.51,145884,0,0,0,0,145881,12,2
10164,PBFD24-00240,10-01-2025,,,GBFD24-05539,10-01-2025,CASH PURCHASE (FIREWOOD) A/C,DIRECT,BOILER FUEL,MH41 G 5191,,,,3.32,32.51,32.51,145884,0,0,0,0,145881,13,2
10163,PBFD24-00240,10-01-2025,,,GBFD24-05532,10-01-2025,CASH PURCHASE (FIREWOOD) A/C,DIRECT,BOILER FUEL,MH41 AU 1624,,,,2,32.51,32.51,145884,0,0,0,0,145881,3,2
10162,PBFD24-00240,10-01-2025,,,GBFD24-05531,10-01-2025,CASH PURCHASE (FIREWOOD) A/C,DIRECT,BOILER FUEL,MH41 AU 1624,,,,3.24,32.51,32.51,145884,0,0,0,0,145881,28,2
10161,PBFD24-00240,10-01-2025,,,GBFD24-05552,10-01-2025,CASH PURCHASE (FIREWOOD) A/C,DIRECT,BOILER FUEL,MH19 S 7229,,,,2.5,32.51,32.51,145884,0,0,0,0,145881,25,2
10160,PBFD24-00240,10-01-2025,,,GBFD24-05551,10-01-2025,CASH PURCHASE (FIREWOOD) A/C,DIRECT,BOILER FUEL,MH18 M 3217,,,,1.83,32.51,32.51,145884,0,0,0,0,145881,21,2
10159,PBFD24-00240,10-01-2025,,,GBFD24-05548,10-01-2025,CASH PURCHASE (FIREWOOD) A/C,DIRECT,BOILER FUEL,MH18 M 1039,,,,4,32.51,32.51,145884,0,0,0,0,145881,8,2
10158,PBFD24-00240,10-01-2025,,,GBFD24-05547,10-01-2025,CASH PURCHASE (FIREWOOD) A/C,DIRECT,BOILER FUEL,MH18 M 1039,,,,2.66,32.51,32.51,145884,0,0,0,0,145881,2,2
10157,PBFD24-00240,10-01-2025,,,GBFD24-05537,10-01-2025,CASH PURCHASE (FIREWOOD) A/C,DIRECT,BOILER FUEL,MH04 GF 3531,,,,1.88,32.51,32.51,145884,0,0,0,0,145881,3,2
10156,PBFD24-00240,10-01-2025,,,GBFD24-05550,10-01-2025,CASH PURCHASE (FIREWOOD) A/C,DIRECT,BOILER FUEL,MH04 CU 0130,,,,4,32.51,32.51,145884,0,0,0,0,145881,11,2
10155,PBFD24-00240,10-01-2025,,,GBFD24-05549,10-01-2025,CASH PURCHASE (FIREWOOD) A/C,DIRECT,BOILER FUEL,MH04 CU 0130,,,,3.73,32.51,32.51,145884,0,0,0,0,145881,21,2
10154,PBFD24-00240,10-01-2025,,,GBFD24-05538,10-01-2025,CASH PURCHASE (FIREWOOD) A/C,DIRECT,BOILER FUEL,MH03 CD 1508,,,,2.71,32.51,32.51,145884,0,0,0,0,145881,15,2
10268,PSTD24-01374,11-01-2025,,,GOTD24-04330,11-01-2025,"KISAN KENDRA, DHULE",DIRECT,STORES AND SPARES,,,,,1,1,1,54030,9725.4,0,0,0,63755,13,2
10267,PSTD24-01361,11-01-2025,,,GOTD24-04283,11-01-2025,"H D ENTERPRISE, JALGAON",DIRECT,LAB CHEMICLAS & EQUIPMENTS 18%,,,,,20,20,20,2500,450,0,0,0,2950,25,2
10266,PSTD24-01360,11-01-2025,,,GOTD24-04282,11-01-2025,"S.S SCIENTIFIC CO., DHULE",DIRECT,SULFURIC ACID 98% EMPLURA,,,,,4,4,4,5424,976.32,0,0,0,8085,8,2
10265,PSTD24-01360,11-01-2025,,,GOTD24-04282,11-01-2025,"S.S SCIENTIFIC CO., DHULE",DIRECT,HYDROCHLORIC ACID 35% EMPLURA,,,,,2,2,2,1428,257.04,0,0,0,8085,18,2
10264,PSTD24-01356,11-01-2025,,,GOTD24-04279,11-01-2025,"MAULI TRADING ,JALNA",DIRECT,BHUSA,MH18BZ5742,,,,10.79,10.71,10.71,72828,0,0,0,0,72828,22,2
10263,PSTD24-01352,11-01-2025,,,GOTD24-04256,11-01-2025,"VIJAY HARDWARE MART, DHULE",DIRECT,STORES AND SPARES,,,,,1,1,1,2300,414,0,0,0,2714,10,2
10262,PSTD24-01344,11-01-2025,,,GOTD24-04246,11-01-2025,"V.M. PATEL & CO, DHULE",DIRECT,STORES AND SPARES,,,,,1,1,1,2440.68,439.32,0,0,0,2880,29,2
10261,PSTD24-01343,11-01-2025,,,GOTD24-04227,11-01-2025,"ANANTAA LAKSHUMI ENTERPRISES, MALEGAON",DIRECT,STEAM COAL,MH41AU2626,,,,30.58,30.58,30.58,243183.78,12159.19,0,11988.82,0,267332,19,2
10260,PSTD24-01342,11-01-2025,,,GOTD24-04226,11-01-2025,"ANANTAA LAKSHUMI ENTERPRISES, MALEGAON",DIRECT,STEAM COAL,MH06CP8085,,,,30.73,30.73,30.73,244376.64,12218.83,0,12047.63,0,268643,28,2
10259,PSTD24-01334,11-01-2025,OTD24-00829,09-01-2025,GOTD24-04218,11-01-2025,"VAYANPACK PRIVATE LIMITED
, DHULE",DIRECT,PP BAGS 24 X 48,MH17AG6958,,,,33000,33000,33000,356400,64152,0,-356.4,0,420196,2,2
10258,PRMD24-00749,11-01-2025,OTD24-00796,02-01-2025,GOTD24-04208,11-01-2025,"DURGA ENTERPRISES, LATUR","MAHAVIR BROKERS, NASHIKROAD",SOYA REFINED OIL,MH04GF1089,14:11:42,17:35:00,18:50:00,25.08,25.15,1,3075845,153792.25,0,-3075.84,0,3226561,26,2
10257,PRMD24-00748,11-01-2025,OTD24-00815,08-01-2025,GOTD24-04207,11-01-2025,"SHANTI OIL INDUSTRIES,JUNNAR","SANTOSH BROKER'S , MUMBAI",SOYA REFINED OIL,MH18BA3789,14:02:04,15:30:00,17:00:00,24.865,24.92,1,3077620,153881,0,-3077.62,0,3228423,6,2
10256,PRMD24-00747,11-01-2025,OTD24-00767,25-12-2024,GOTD24-04206,11-01-2025,"ADANI WILMAR LTD, HAZIRA","MAHAVIR BROKERS, NASHIKROAD",SOYA REFINED OIL,MH18AA9589,11:03:22,15:25:00,16:10:00,30.84,30.89,1,3784025,189201.25,0,-3784.02,0,3969442,26,2
10255,PRMD24-00746,11-01-2025,OTD24-00817,08-01-2025,GOTD24-04205,11-01-2025,"BABUJI AGRO PRODUCTS,KHAMGAON","YASH BROKERS, AKOLA",SOYA REFINED OIL,GJ12BX3711,17:30:22,14:20:00,15:20:00,29.76,29.85,1,3674535,183726.75,0,0,0,3858262,6,2
10254,PRMD24-00745,11-01-2025,OTD24-00471,12-09-2024,GOTD24-04204,11-01-2025,"FRIGORIFICO ALLANA LTD, MUMBAI","MAHAVIR BROKERS, NASHIKROAD",SOYA REFINED OIL,MH43BX8765,,,,9.97,9.97,1,1168680.41,58434.02,0,-1168.68,0,1225946,19,2
10253,PPMD24-01460,11-01-2025,OTD24-00730,14-12-2024,GOTD24-04211,11-01-2025,"SHRINATHJI CONTAINERS, DHARANGAON",DIRECT,EMPTY TIN FOR 15 KG/15 LT,MH20AA9907,10:23:46,12:00:00,12:35:00,3018,3018,3018,244458,44002.44,0,-244.45,0,288216,29,2
10252,PPMD24-01459,11-01-2025,OTD24-00727,10-12-2024,GOTD24-04210,11-01-2025,"SUDHA CORRUGATED PRODUCTS, DHULE",DIRECT,BOX FOR 500 ML BOTTLE SOYA REFINED,MH18D7497,18:19:25,10:10:00,12:00:00,3000,3000,150,78000,9360,0,-78,0,240663,14,2
10251,PPMD24-01459,11-01-2025,OTD24-00788,30-12-2024,GOTD24-04210,11-01-2025,"SUDHA CORRUGATED PRODUCTS, DHULE",DIRECT,BOX FOR 1 LT POUCH SOYA REFINED,MH18D7497,18:19:25,10:10:00,12:00:00,7615,7615,381,137070,16448.4,0,-137.07,0,240663,7,2
10250,PBTD24-00509,11-01-2025,OTD24-00842,11-01-2025,GOTD24-04209,11-01-2025,"MAHARASHTRA OIL EXT. PVT LTD ""DHL-NDB"" (BRANCH TRANSFER)",DIRECT,SOYA CRUDE OIL,MH18BG6389,16:07:35,18:00:00,19:10:00,30.85,30.87,1,3781575,0,0,0,0,3781575,2,2
10249,PBFD24-00241,11-01-2025,,,GBFD24-05599,11-01-2025,CASH PURCHASE (FIREWOOD) A/C,DIRECT,BOILER FUEL,NEW TRACTOR,,,,8,86.735,86.735,371680,0,0,0,0,371686,21,2
10248,PBFD24-00241,11-01-2025,,,GBFD24-05598,11-01-2025,CASH PURCHASE (FIREWOOD) A/C,DIRECT,BOILER FUEL,NEW TRACTOR,,,,5.68,86.735,86.735,371680,0,0,0,0,371686,12,2
10247,PBFD24-00241,11-01-2025,,,GBFD24-05572,11-01-2025,CASH PURCHASE (FIREWOOD) A/C,DIRECT,BOILER FUEL,NEW TRACTOR,,,,6.56,86.735,86.735,371680,0,0,0,0,371686,1,2
10246,PBFD24-00241,11-01-2025,,,GBFD24-05578,11-01-2025,CASH PURCHASE (FIREWOOD) A/C,DIRECT,BOILER FUEL,MH54 - 0174,,,,4,86.735,86.735,371680,0,0,0,0,371686,3,2
10245,PBFD24-00241,11-01-2025,,,GBFD24-05577,11-01-2025,CASH PURCHASE (FIREWOOD) A/C,DIRECT,BOILER FUEL,MH54 - 0174,,,,6.64,86.735,86.735,371680,0,0,0,0,371686,16,2
10244,PBFD24-00241,11-01-2025,,,GBFD24-05555,11-01-2025,CASH PURCHASE (FIREWOOD) A/C,DIRECT,BOILER FUEL,MH48 T 6715,,,,6.92,86.735,86.735,371680,0,0,0,0,371686,30,2
10243,PBFD24-00241,11-01-2025,,,GBFD24-05579,11-01-2025,CASH PURCHASE (FIREWOOD) A/C,DIRECT,BOILER FUEL,MH46 AR 3607,,,,8.18,86.735,86.735,371680,0,0,0,0,371686,27,2
10242,PBFD24-00241,11-01-2025,,,GBFD24-05567,11-01-2025,CASH PURCHASE (FIREWOOD) A/C,DIRECT,BOILER FUEL,MH41 G 9959,,,,4,86.735,86.735,371680,0,0,0,0,371686,13,2
10241,PBFD24-00241,11-01-2025,,,GBFD24-05566,11-01-2025,CASH PURCHASE (FIREWOOD) A/C,DIRECT,BOILER FUEL,MH41 G 9959,,,,7.3,86.735,86.735,371680,0,0,0,0,371686,18,2
10240,PBFD24-00241,11-01-2025,,,GBFD24-05585,11-01-2025,CASH PURCHASE (FIREWOOD) A/C,DIRECT,BOILER FUEL,MH41 G 7039,,,,5.72,86.735,86.735,371680,0,0,0,0,371686,8,2
10239,PBFD24-00241,11-01-2025,,,GBFD24-05584,11-01-2025,CASH PURCHASE (FIREWOOD) A/C,DIRECT,BOILER FUEL,MH41 G 7039,,,,7.2,86.735,86.735,371680,0,0,0,0,371686,3,2
10238,PBFD24-00241,11-01-2025,,,GBFD24-05583,11-01-2025,CASH PURCHASE (FIREWOOD) A/C,DIRECT,BOILER FUEL,MH41 G 7039,,,,7.2,86.735,86.735,371680,0,0,0,0,371686,22,2
10237,PBFD24-00241,11-01-2025,,,GBFD24-05587,11-01-2025,CASH PURCHASE (FIREWOOD) A/C,DIRECT,BOILER FUEL,MH41 G 5920,,,,6,86.735,86.735,371680,0,0,0,0,371686,20,2
10236,PBFD24-00241,11-01-2025,,,GBFD24-05586,11-01-2025,CASH PURCHASE (FIREWOOD) A/C,DIRECT,BOILER FUEL,MH41 G 5920,,,,6.06,86.735,86.735,371680,0,0,0,0,371686,9,2
10235,PBFD24-00241,11-01-2025,,,GBFD24-05582,11-01-2025,CASH PURCHASE (FIREWOOD) A/C,DIRECT,BOILER FUEL,MH41 G 5920,,,,6.22,86.735,86.735,371680,0,0,0,0,371686,9,2
10234,PBFD24-00241,11-01-2025,,,GBFD24-05581,11-01-2025,CASH PURCHASE (FIREWOOD) A/C,DIRECT,BOILER FUEL,MH41 G 5920,,,,6.24,86.735,86.735,371680,0,0,0,0,371686,21,2
10233,PBFD24-00241,11-01-2025,,,GBFD24-05575,11-01-2025,CASH PURCHASE (FIREWOOD) A/C,DIRECT,BOILER FUEL,MH41 G 1912,,,,4,86.735,86.735,371680,0,0,0,0,371686,3,2
10232,PBFD24-00241,11-01-2025,,,GBFD24-05574,11-01-2025,CASH PURCHASE (FIREWOOD) A/C,DIRECT,BOILER FUEL,MH41 G 1912,,,,7.06,86.735,86.735,371680,0,0,0,0,371686,13,2
10231,PBFD24-00241,11-01-2025,,,GBFD24-05571,11-01-2025,CASH PURCHASE (FIREWOOD) A/C,DIRECT,BOILER FUEL,MH41 AU 0533,,,,8.3,86.735,86.735,371680,0,0,0,0,371686,9,2
10230,PBFD24-00241,11-01-2025,,,GBFD24-05603,11-01-2025,CASH PURCHASE (FIREWOOD) A/C,DIRECT,BOILER FUEL,MH41 - 9535,,,,8,86.735,86.735,371680,0,0,0,0,371686,9,2
10229,PBFD24-00241,11-01-2025,,,GBFD24-05602,11-01-2025,CASH PURCHASE (FIREWOOD) A/C,DIRECT,BOILER FUEL,MH41 - 9535,,,,4.34,86.735,86.735,371680,0,0,0,0,371686,23,2
10228,PBFD24-00241,11-01-2025,,,GBFD24-05592,11-01-2025,CASH PURCHASE (FIREWOOD) A/C,DIRECT,BOILER FUEL,MH20 EG 2685,,,,4,86.735,86.735,371680,0,0,0,0,371686,7,2
10227,PBFD24-00241,11-01-2025,,,GBFD24-05591,11-01-2025,CASH PURCHASE (FIREWOOD) A/C,DIRECT,BOILER FUEL,MH20 EG 2685,,,,6.14,86.735,86.735,371680,0,0,0,0,371686,17,2
10226,PBFD24-00241,11-01-2025,,,GBFD24-05580,11-01-2025,CASH PURCHASE (FIREWOOD) A/C,DIRECT,BOILER FUEL,MH19 S 9352,,,,5.64,86.735,86.735,371680,0,0,0,0,371686,2,2
10225,PBFD24-00241,11-01-2025,,,GBFD24-05558,11-01-2025,CASH PURCHASE (FIREWOOD) A/C,DIRECT,BOILER FUEL,MH19 S 7663,,,,4,86.735,86.735,371680,0,0,0,0,371686,28,2
10224,PBFD24-00241,11-01-2025,,,GBFD24-05557,11-01-2025,CASH PURCHASE (FIREWOOD) A/C,DIRECT,BOILER FUEL,MH19 S 7663,,,,6.6,86.735,86.735,371680,0,0,0,0,371686,6,2
10223,PBFD24-00241,11-01-2025,,,GBFD24-05595,11-01-2025,CASH PURCHASE (FIREWOOD) A/C,DIRECT,BOILER FUEL,MH19 S 7229,,,,6.32,86.735,86.735,371680,0,0,0,0,371686,4,2
10222,PBFD24-00241,11-01-2025,,,GBFD24-05597,11-01-2025,CASH PURCHASE (FIREWOOD) A/C,DIRECT,BOILER FUEL,MH18 M 1522,,,,8,86.735,86.735,371680,0,0,0,0,371686,27,2
10221,PBFD24-00241,11-01-2025,,,GBFD24-05596,11-01-2025,CASH PURCHASE (FIREWOOD) A/C,DIRECT,BOILER FUEL,MH18 M 1522,,,,5.6,86.735,86.735,371680,0,0,0,0,371686,15,2
10220,PBFD24-00241,11-01-2025,,,GBFD24-05594,11-01-2025,CASH PURCHASE (FIREWOOD) A/C,DIRECT,BOILER FUEL,MH18 M 1039,,,,8,86.735,86.735,371680,0,0,0,0,371686,16,2
10219,PBFD24-00241,11-01-2025,,,GBFD24-05593,11-01-2025,CASH PURCHASE (FIREWOOD) A/C,DIRECT,BOILER FUEL,MH18 M 1039,,,,4.74,86.735,86.735,371680,0,0,0,0,371686,19,2
10218,PBFD24-00241,11-01-2025,,,GBFD24-05561,11-01-2025,CASH PURCHASE (FIREWOOD) A/C,DIRECT,BOILER FUEL,MH18 BG 3030,,,,8,86.735,86.735,371680,0,0,0,0,371686,14,2
10217,PBFD24-00241,11-01-2025,,,GBFD24-05560,11-01-2025,CASH PURCHASE (FIREWOOD) A/C,DIRECT,BOILER FUEL,MH18 BG 3030,,,,8,86.735,86.735,371680,0,0,0,0,371686,30,2
10216,PBFD24-00241,11-01-2025,,,GBFD24-05559,11-01-2025,CASH PURCHASE (FIREWOOD) A/C,DIRECT,BOILER FUEL,MH18 BG 3030,,,,6.08,86.735,86.735,371680,0,0,0,0,371686,10,2
10215,PBFD24-00241,11-01-2025,,,GBFD24-05576,11-01-2025,CASH PURCHASE (FIREWOOD) A/C,DIRECT,BOILER FUEL,MH18 AA 4525,,,,4.84,86.735,86.735,371680,0,0,0,0,371686,13,2
10214,PBFD24-00241,11-01-2025,,,GBFD24-05554,11-01-2025,CASH PURCHASE (FIREWOOD) A/C,DIRECT,BOILER FUEL,MH15 GV 9147,,,,8.96,86.735,86.735,371680,0,0,0,0,371686,1,2
10213,PBFD24-00241,11-01-2025,,,GBFD24-05570,11-01-2025,CASH PURCHASE (FIREWOOD) A/C,DIRECT,BOILER FUEL,MH15 DK 0161,,,,8,86.735,86.735,371680,0,0,0,0,371686,22,2
10212,PBFD24-00241,11-01-2025,,,GBFD24-05569,11-01-2025,CASH PURCHASE (FIREWOOD) A/C,DIRECT,BOILER FUEL,MH15 DK 0161,,,,8,86.735,86.735,371680,0,0,0,0,371686,16,2
10211,PBFD24-00241,11-01-2025,,,GBFD24-05568,11-01-2025,CASH PURCHASE (FIREWOOD) A/C,DIRECT,BOILER FUEL,MH15 DK 0161,,,,5.38,86.735,86.735,371680,0,0,0,0,371686,26,2
10210,PBFD24-00241,11-01-2025,,,GBFD24-05573,11-01-2025,CASH PURCHASE (FIREWOOD) A/C,DIRECT,BOILER FUEL,MH04 GF 3531,,,,3.9,86.735,86.735,371680,0,0,0,0,371686,15,2
10209,PBFD24-00241,11-01-2025,,,GBFD24-05553,11-01-2025,CASH PURCHASE (FIREWOOD) A/C,DIRECT,BOILER FUEL,MH04 GF 2005,,,,8.72,86.735,86.735,371680,0,0,0,0,371686,1,2
10208,PBFD24-00241,11-01-2025,,,GBFD24-05589,11-01-2025,CASH PURCHASE (FIREWOOD) A/C,DIRECT,BOILER FUEL,MH04 GF 0476,,,,4.28,86.735,86.735,371680,0,0,0,0,371686,9,2
10207,PBFD24-00241,11-01-2025,,,GBFD24-05590,11-01-2025,CASH PURCHASE (FIREWOOD) A/C,DIRECT,BOILER FUEL,MH04 G 7502,,,,7.62,86.735,86.735,371680,0,0,0,0,371686,5,2
10206,PBFD24-00241,11-01-2025,,,GBFD24-05565,11-01-2025,CASH PURCHASE (FIREWOOD) A/C,DIRECT,BOILER FUEL,MH04 FD 3428,,,,4,86.735,86.735,371680,0,0,0,0,371686,30,2
10205,PBFD24-00241,11-01-2025,,,GBFD24-05564,11-01-2025,CASH PURCHASE (FIREWOOD) A/C,DIRECT,BOILER FUEL,MH04 FD 3428,,,,6.36,86.735,86.735,371680,0,0,0,0,371686,24,2
10204,PBFD24-00241,11-01-2025,,,GBFD24-05563,11-01-2025,CASH PURCHASE (FIREWOOD) A/C,DIRECT,BOILER FUEL,MH04 FD 3428,,,,9.2,86.735,86.735,371680,0,0,0,0,371686,15,2
10203,PBFD24-00241,11-01-2025,,,GBFD24-05562,11-01-2025,CASH PURCHASE (FIREWOOD) A/C,DIRECT,BOILER FUEL,MH04 FD 3428,,,,9.2,86.735,86.735,371680,0,0,0,0,371686,2,2
10202,PBFD24-00241,11-01-2025,,,GBFD24-05605,11-01-2025,CASH PURCHASE (FIREWOOD) A/C,DIRECT,BOILER FUEL,MH04 DD 8205,,,,8,86.735,86.735,371680,0,0,0,0,371686,29,2
10201,PBFD24-00241,11-01-2025,,,GBFD24-05604,11-01-2025,CASH PURCHASE (FIREWOOD) A/C,DIRECT,BOILER FUEL,MH04 DD 8205,,,,6.66,86.735,86.735,371680,0,0,0,0,371686,3,2
10200,PBFD24-00241,11-01-2025,,,GBFD24-05601,11-01-2025,CASH PURCHASE (FIREWOOD) A/C,DIRECT,BOILER FUEL,MH04 CU 0130,,,,8,86.735,86.735,371680,0,0,0,0,371686,30,2
10199,PBFD24-00241,11-01-2025,,,GBFD24-05600,11-01-2025,CASH PURCHASE (FIREWOOD) A/C,DIRECT,BOILER FUEL,MH04 CU 0130,,,,7,86.735,86.735,371680,0,0,0,0,371686,9,2
10198,PBFD24-00241,11-01-2025,,,GBFD24-05588,11-01-2025,CASH PURCHASE (FIREWOOD) A/C,DIRECT,BOILER FUEL,MH03 AC 1508,,,,5.24,86.735,86.735,371680,0,0,0,0,371686,9,2
10197,PBFD24-00241,11-01-2025,,,GBFD24-05556,11-01-2025,CASH PURCHASE (FIREWOOD) A/C,DIRECT,BOILER FUEL,MH02 ER 4116,,,,8.84,86.735,86.735,371680,0,0,0,0,371686,1,2
